USE CONAFE;

ALTER USER 'root'@'localhost' IDENTIFIED WITH mysql_native_password BY '1234';
ALTER USER 'root'@'localhost' IDENTIFIED WITH mysql_native_password BY '1234';
FLUSH PRIVILEGES;



-- DATOS PARA LOS USUARIOS
INSERT INTO Usuario (correo, password, acceso) VALUES
('gutierrez.viveros.cristianr@gmail.com', '12345678', 'Aspirante'),
('rabos@gmail.com', '12345678', 'Aspirante'),
('ruben@gmail.com', '12345678', 'Aspirante'),
('C1@gmail.com', '12345678', 'Capacitador'),
('C2@gmail.com', '12345678', 'Capacitador'),
('DOT@conafe.gob.mx', '12345678', 'Miembro Dirección Territorial'),
('LEC1@gmail.com', '12345678', 'LEC'),
('LEC2@gmail.com', '12345678', 'LEC');

INSERT INTO Usuario (id_Usuario, correo, password, acceso) VALUES (19, 'C019@gmail.com', '12345678', 'Capacitador');
INSERT INTO Usuario (id_Usuario, correo, password, acceso) VALUES (20, 'C020@gmail.com', '12345678', 'Capacitador');
INSERT INTO Usuario (id_Usuario, correo, password, acceso) VALUES (21, 'C021@gmail.com', '12345678', 'Capacitador');
INSERT INTO Usuario (id_Usuario, correo, password, acceso) VALUES (22, 'C022@gmail.com', '12345678', 'Capacitador');
INSERT INTO Usuario (id_Usuario, correo, password, acceso) VALUES (23, 'C023@gmail.com', '12345678', 'Capacitador');
INSERT INTO Usuario (id_Usuario, correo, password, acceso) VALUES (24, 'C024@gmail.com', '12345678', 'Capacitador');
INSERT INTO Usuario (id_Usuario, correo, password, acceso) VALUES (25, 'C025@gmail.com', '12345678', 'Capacitador');
INSERT INTO Usuario (id_Usuario, correo, password, acceso) VALUES (26, 'C026@gmail.com', '12345678', 'Capacitador');
INSERT INTO Usuario (id_Usuario, correo, password, acceso) VALUES (27, 'C027@gmail.com', '12345678', 'Capacitador');
INSERT INTO Usuario (id_Usuario, correo, password, acceso) VALUES (28, 'C028@gmail.com', '12345678', 'Capacitador');
INSERT INTO Usuario (id_Usuario, correo, password, acceso) VALUES (29, 'C029@gmail.com', '12345678', 'Capacitador');
INSERT INTO Usuario (id_Usuario, correo, password, acceso) VALUES (30, 'C030@gmail.com', '12345678', 'Capacitador');
INSERT INTO Usuario (id_Usuario, correo, password, acceso) VALUES (31, 'C031@gmail.com', '12345678', 'Capacitador');
INSERT INTO Usuario (id_Usuario, correo, password, acceso) VALUES (32, 'C032@gmail.com', '12345678', 'Capacitador');
INSERT INTO Usuario (id_Usuario, correo, password, acceso) VALUES (33, 'C033@gmail.com', '12345678', 'Capacitador');
INSERT INTO Usuario (id_Usuario, correo, password, acceso) VALUES (34, 'C034@gmail.com', '12345678', 'Capacitador');
INSERT INTO Usuario (id_Usuario, correo, password, acceso) VALUES (35, 'C035@gmail.com', '12345678', 'Capacitador');
INSERT INTO Usuario (id_Usuario, correo, password, acceso) VALUES (36, 'C036@gmail.com', '12345678', 'Capacitador');
INSERT INTO Usuario (id_Usuario, correo, password, acceso) VALUES (37, 'C037@gmail.com', '12345678', 'Capacitador');
INSERT INTO Usuario (id_Usuario, correo, password, acceso) VALUES (38, 'C038@gmail.com', '12345678', 'Capacitador');
INSERT INTO Usuario (id_Usuario, correo, password, acceso) VALUES (39, 'C039@gmail.com', '12345678', 'Capacitador');
INSERT INTO Usuario (id_Usuario, correo, password, acceso) VALUES (40, 'C040@gmail.com', '12345678', 'Capacitador');
INSERT INTO Usuario (id_Usuario, correo, password, acceso) VALUES (41, 'C041@gmail.com', '12345678', 'Capacitador');
INSERT INTO Usuario (id_Usuario, correo, password, acceso) VALUES (42, 'C042@gmail.com', '12345678', 'Capacitador');
INSERT INTO Usuario (id_Usuario, correo, password, acceso) VALUES (43, 'C043@gmail.com', '12345678', 'Capacitador');
INSERT INTO Usuario (id_Usuario, correo, password, acceso) VALUES (44, 'C044@gmail.com', '12345678', 'Capacitador');
INSERT INTO Usuario (id_Usuario, correo, password, acceso) VALUES (45, 'C045@gmail.com', '12345678', 'Capacitador');
INSERT INTO Usuario (id_Usuario, correo, password, acceso) VALUES (46, 'C046@gmail.com', '12345678', 'Capacitador');
INSERT INTO Usuario (id_Usuario, correo, password, acceso) VALUES (47, 'C047@gmail.com', '12345678', 'Capacitador');
INSERT INTO Usuario (id_Usuario, correo, password, acceso) VALUES (48, 'C048@gmail.com', '12345678', 'Capacitador');
INSERT INTO Usuario (id_Usuario, correo, password, acceso) VALUES (49, 'C049@gmail.com', '12345678', 'Capacitador');
INSERT INTO Usuario (id_Usuario, correo, password, acceso) VALUES (50, 'C050@gmail.com', '12345678', 'Capacitador');
INSERT INTO Usuario (id_Usuario, correo, password, acceso) VALUES (51, 'C051@gmail.com', '12345678', 'Capacitador');
INSERT INTO Usuario (id_Usuario, correo, password, acceso) VALUES (52, 'C052@gmail.com', '12345678', 'Capacitador');
INSERT INTO Usuario (id_Usuario, correo, password, acceso) VALUES (53, 'C053@gmail.com', '12345678', 'Capacitador');
INSERT INTO Usuario (id_Usuario, correo, password, acceso) VALUES (54, 'C054@gmail.com', '12345678', 'Capacitador');
INSERT INTO Usuario (id_Usuario, correo, password, acceso) VALUES (55, 'C055@gmail.com', '12345678', 'Capacitador');
INSERT INTO Usuario (id_Usuario, correo, password, acceso) VALUES (56, 'C056@gmail.com', '12345678', 'Capacitador');
INSERT INTO Usuario (id_Usuario, correo, password, acceso) VALUES (57, 'C057@gmail.com', '12345678', 'Capacitador');
INSERT INTO Usuario (id_Usuario, correo, password, acceso) VALUES (58, 'C058@gmail.com', '12345678', 'Capacitador');
INSERT INTO Usuario (id_Usuario, correo, password, acceso) VALUES (59, 'C059@gmail.com', '12345678', 'Capacitador');
INSERT INTO Usuario (id_Usuario, correo, password, acceso) VALUES (60, 'C060@gmail.com', '12345678', 'Capacitador');
INSERT INTO Usuario (id_Usuario, correo, password, acceso) VALUES (61, 'C061@gmail.com', '12345678', 'Capacitador');
INSERT INTO Usuario (id_Usuario, correo, password, acceso) VALUES (62, 'C062@gmail.com', '12345678', 'Capacitador');
INSERT INTO Usuario (id_Usuario, correo, password, acceso) VALUES (63, 'C063@gmail.com', '12345678', 'Capacitador');
INSERT INTO Usuario (id_Usuario, correo, password, acceso) VALUES (64, 'C064@gmail.com', '12345678', 'Capacitador');
INSERT INTO Usuario (id_Usuario, correo, password, acceso) VALUES (65, 'C065@gmail.com', '12345678', 'Capacitador');
INSERT INTO Usuario (id_Usuario, correo, password, acceso) VALUES (66, 'C066@gmail.com', '12345678', 'Capacitador');
INSERT INTO Usuario (id_Usuario, correo, password, acceso) VALUES (67, 'C067@gmail.com', '12345678', 'Capacitador');
INSERT INTO Usuario (id_Usuario, correo, password, acceso) VALUES (68, 'C068@gmail.com', '12345678', 'Capacitador');
INSERT INTO Usuario (id_Usuario, correo, password, acceso) VALUES (69, 'C069@gmail.com', '12345678', 'Capacitador');
INSERT INTO Usuario (id_Usuario, correo, password, acceso) VALUES (70, 'C070@gmail.com', '12345678', 'Capacitador');
INSERT INTO Usuario (id_Usuario, correo, password, acceso) VALUES (71, 'C071@gmail.com', '12345678', 'Capacitador');
INSERT INTO Usuario (id_Usuario, correo, password, acceso) VALUES (72, 'C072@gmail.com', '12345678', 'Capacitador');
INSERT INTO Usuario (id_Usuario, correo, password, acceso) VALUES (73, 'C073@gmail.com', '12345678', 'Capacitador');
INSERT INTO Usuario (id_Usuario, correo, password, acceso) VALUES (74, 'C074@gmail.com', '12345678', 'Capacitador');
INSERT INTO Usuario (id_Usuario, correo, password, acceso) VALUES (75, 'C075@gmail.com', '12345678', 'Capacitador');
INSERT INTO Usuario (id_Usuario, correo, password, acceso) VALUES (76, 'C076@gmail.com', '12345678', 'Capacitador');
INSERT INTO Usuario (id_Usuario, correo, password, acceso) VALUES (77, 'C077@gmail.com', '12345678', 'Capacitador');
INSERT INTO Usuario (id_Usuario, correo, password, acceso) VALUES (78, 'C078@gmail.com', '12345678', 'Capacitador');
INSERT INTO Usuario (id_Usuario, correo, password, acceso) VALUES (79, 'C079@gmail.com', '12345678', 'Capacitador');
INSERT INTO Usuario (id_Usuario, correo, password, acceso) VALUES (80, 'C080@gmail.com', '12345678', 'Capacitador');
INSERT INTO Usuario (id_Usuario, correo, password, acceso) VALUES (81, 'C081@gmail.com', '12345678', 'Capacitador');
INSERT INTO Usuario (id_Usuario, correo, password, acceso) VALUES (82, 'C082@gmail.com', '12345678', 'Capacitador');
INSERT INTO Usuario (id_Usuario, correo, password, acceso) VALUES (83, 'C083@gmail.com', '12345678', 'Capacitador');
INSERT INTO Usuario (id_Usuario, correo, password, acceso) VALUES (84, 'C084@gmail.com', '12345678', 'Capacitador');
INSERT INTO Usuario (id_Usuario, correo, password, acceso) VALUES (85, 'C085@gmail.com', '12345678', 'Capacitador');
INSERT INTO Usuario (id_Usuario, correo, password, acceso) VALUES (86, 'C086@gmail.com', '12345678', 'Capacitador');
INSERT INTO Usuario (id_Usuario, correo, password, acceso) VALUES (87, 'C087@gmail.com', '12345678', 'Capacitador');
INSERT INTO Usuario (id_Usuario, correo, password, acceso) VALUES (88, 'C088@gmail.com', '12345678', 'Capacitador');
INSERT INTO Usuario (id_Usuario, correo, password, acceso) VALUES (89, 'C089@gmail.com', '12345678', 'Capacitador');
INSERT INTO Usuario (id_Usuario, correo, password, acceso) VALUES (90, 'C090@gmail.com', '12345678', 'Capacitador');
INSERT INTO Usuario (id_Usuario, correo, password, acceso) VALUES (91, 'C091@gmail.com', '12345678', 'Capacitador');
INSERT INTO Usuario (id_Usuario, correo, password, acceso) VALUES (92, 'C092@gmail.com', '12345678', 'Capacitador');
INSERT INTO Usuario (id_Usuario, correo, password, acceso) VALUES (93, 'C093@gmail.com', '12345678', 'Capacitador');
INSERT INTO Usuario (id_Usuario, correo, password, acceso) VALUES (94, 'C094@gmail.com', '12345678', 'Capacitador');
INSERT INTO Usuario (id_Usuario, correo, password, acceso) VALUES (95, 'C095@gmail.com', '12345678', 'Capacitador');
INSERT INTO Usuario (id_Usuario, correo, password, acceso) VALUES (96, 'C096@gmail.com', '12345678', 'Capacitador');
INSERT INTO Usuario (id_Usuario, correo, password, acceso) VALUES (97, 'C097@gmail.com', '12345678', 'Capacitador');
INSERT INTO Usuario (id_Usuario, correo, password, acceso) VALUES (98, 'C098@gmail.com', '12345678', 'Capacitador');
INSERT INTO Usuario (id_Usuario, correo, password, acceso) VALUES (99, 'C099@gmail.com', '12345678', 'Capacitador');
INSERT INTO Usuario (id_Usuario, correo, password, acceso) VALUES (100, 'C100@gmail.com', '12345678', 'Capacitador');
INSERT INTO Usuario (id_Usuario, correo, password, acceso) VALUES (101, 'C101@gmail.com', '12345678', 'Capacitador');
INSERT INTO Usuario (id_Usuario, correo, password, acceso) VALUES (102, 'C102@gmail.com', '12345678', 'Capacitador');
INSERT INTO Usuario (id_Usuario, correo, password, acceso) VALUES (103, 'C103@gmail.com', '12345678', 'Capacitador');
INSERT INTO Usuario (id_Usuario, correo, password, acceso) VALUES (104, 'C104@gmail.com', '12345678', 'Capacitador');
INSERT INTO Usuario (id_Usuario, correo, password, acceso) VALUES (105, 'C105@gmail.com', '12345678', 'Capacitador');
INSERT INTO Usuario (id_Usuario, correo, password, acceso) VALUES (106, 'C106@gmail.com', '12345678', 'Capacitador');
INSERT INTO Usuario (id_Usuario, correo, password, acceso) VALUES (107, 'C107@gmail.com', '12345678', 'Capacitador');
INSERT INTO Usuario (id_Usuario, correo, password, acceso) VALUES (108, 'C108@gmail.com', '12345678', 'Capacitador');
INSERT INTO Usuario (id_Usuario, correo, password, acceso) VALUES (109, 'C109@gmail.com', '12345678', 'Capacitador');
INSERT INTO Usuario (id_Usuario, correo, password, acceso) VALUES (110, 'C110@gmail.com', '12345678', 'Capacitador');
INSERT INTO Usuario (id_Usuario, correo, password, acceso) VALUES (111, 'C111@gmail.com', '12345678', 'Capacitador');
INSERT INTO Usuario (id_Usuario, correo, password, acceso) VALUES (112, 'C112@gmail.com', '12345678', 'Capacitador');
INSERT INTO Usuario (id_Usuario, correo, password, acceso) VALUES (113, 'C113@gmail.com', '12345678', 'Capacitador');
INSERT INTO Usuario (id_Usuario, correo, password, acceso) VALUES (114, 'C114@gmail.com', '12345678', 'Capacitador');
INSERT INTO Usuario (id_Usuario, correo, password, acceso) VALUES (115, 'C115@gmail.com', '12345678', 'Capacitador');
INSERT INTO Usuario (id_Usuario, correo, password, acceso) VALUES (116, 'C116@gmail.com', '12345678', 'Capacitador');
INSERT INTO Usuario (id_Usuario, correo, password, acceso) VALUES (117, 'C117@gmail.com', '12345678', 'Capacitador');
INSERT INTO Usuario (id_Usuario, correo, password, acceso) VALUES (118, 'C118@gmail.com', '12345678', 'Capacitador');

INSERT INTO Usuario (correo, password, acceso) VALUES ('ACT1@gmail.com', '12345678', 'Control Escolar');
INSERT INTO Usuario (correo, password, acceso) VALUES ('ACT2@gmail.com', '12345678', 'Control Escolar');
INSERT INTO Usuario (correo, password, acceso) VALUES ('ACT3@gmail.com', '12345678', 'Control Escolar');

-- DATOS CONVOATORIAS

INSERT INTO ConvocatoriaActual (nombre_convocatoria, url_convocatoria, url_forms, estado_convocatoria)
VALUES ('Convocatoria 2024', 'https://docs.google.com/forms/d/e/1FAIpQLSfQwO8uRMVa1xSL-neCetlOlfCK1sxyPZNGwektNPq6ZvxYBw/viewform?usp=sf_link', 
        'https://docs.google.com/forms/d/e/1FAIpQLSfQwO8uRMVa1xSL-neCetlOlfCK1sxyPZNGwektNPq6ZvxYBw/viewform?usp=sf_link', 
        'Cerrada');

INSERT INTO ConvocatoriaActual (nombre_convocatoria, url_convocatoria, url_forms, estado_convocatoria)
VALUES ('Convocatoria 2025', 'https://docs.google.com/forms/d/e/1FAIpQLSfQwO8uRMVa1xSL-neCetlOlfCK1sxyPZNGwektNPq6ZvxYBw/viewform?usp=sf_link', 
        'https://docs.google.com/forms/d/e/1FAIpQLSfQwO8uRMVa1xSL-neCetlOlfCK1sxyPZNGwektNPq6ZvxYBw/viewform?usp=sf_link', 
        'Cerrada');

-- LOS DATOS DE LOS QUE SE ENCUENTRAN EN EL FORMS ESTÁN AL EJECUTAR JALAR.PY
-- Después de usar jalar.py ejecuten esta línea para cambiar el nivel educativo de Cristian
UPDATE InfoEducativaAspirante SET nivelEducativo='Primaria' WHERE id_Aspirante=1;

SELECT * FROM InfoEducativaAspirante;

-- DATOS ASPIRANTES
INSERT INTO Aspirante (id_Aspirante, convocatoria, telefonoFijo, telefonoMovil, correo, curp, edad, nombres, apellidoPaterno, apellidoMaterno, fechaNacimiento, genero, nacionalidad, estado_solicitud) VALUES (19, 1, '+24(1)8396348984', '385.560.4509x280', 'C019@gmail.com', '67270475485', '26', 'Ricardo', 'Vanegas', 'Olivas', '1994-02-17', 'Masculino', 'Armenia', 'Finalizado');
INSERT INTO Aspirante (id_Aspirante, convocatoria, telefonoFijo, telefonoMovil, correo, curp, edad, nombres, apellidoPaterno, apellidoMaterno, fechaNacimiento, genero, nacionalidad, estado_solicitud) VALUES (20, 1, '1-693-733-2833x5194', '317-425-0756x764', 'C020@gmail.com', '32415592545', '20', 'Alonso', 'Orozco', 'Maldonado', '1992-08-17', 'Masculino', 'Trinidad y Tabago', 'Finalizado');
INSERT INTO Aspirante (id_Aspirante, convocatoria, telefonoFijo, telefonoMovil, correo, curp, edad, nombres, apellidoPaterno, apellidoMaterno, fechaNacimiento, genero, nacionalidad, estado_solicitud) VALUES (21, 1, '(554)423-1984', '445.720.1578x2492', 'C021@gmail.com', '70051019191', '20', 'Lucas', 'Cornejo', 'Saldivar', '1978-02-01', 'Femenino', 'Emiratos Árabes Unidos', 'Finalizado');
INSERT INTO Aspirante (id_Aspirante, convocatoria, telefonoFijo, telefonoMovil, correo, curp, edad, nombres, apellidoPaterno, apellidoMaterno, fechaNacimiento, genero, nacionalidad, estado_solicitud) VALUES (22, 1, '084-884-0547x696', '03760317685', 'C022@gmail.com', '63900235373', '57', 'María del Carmen', 'Enríquez', 'Pedraza', '1984-01-05', 'Masculino', 'Turquía', 'Finalizado');
INSERT INTO Aspirante (id_Aspirante, convocatoria, telefonoFijo, telefonoMovil, correo, curp, edad, nombres, apellidoPaterno, apellidoMaterno, fechaNacimiento, genero, nacionalidad, estado_solicitud) VALUES (23, 1, '810.513.5212', '682-785-6466x255', 'C023@gmail.com', '45254104297', '52', 'Renato', 'Carrión', 'Naranjo', '1972-06-30', 'Masculino', 'Guinea', 'Finalizado');
INSERT INTO Aspirante (id_Aspirante, convocatoria, telefonoFijo, telefonoMovil, correo, curp, edad, nombres, apellidoPaterno, apellidoMaterno, fechaNacimiento, genero, nacionalidad, estado_solicitud) VALUES (24, 1, '172.570.5965', '1-972-066-1479x288', 'C024@gmail.com', '22676591542', '44', 'Mauro', 'Roldán', 'Carvajal', '1969-05-29', 'Femenino', 'Malta', 'Finalizado');
INSERT INTO Aspirante (id_Aspirante, convocatoria, telefonoFijo, telefonoMovil, correo, curp, edad, nombres, apellidoPaterno, apellidoMaterno, fechaNacimiento, genero, nacionalidad, estado_solicitud) VALUES (25, 1, '(360)627-8727', '+84(8)3985287388', 'C025@gmail.com', '55500630524', '24', 'Cristobal', 'Robles', 'Osorio', '1982-02-26', 'Femenino', 'Costa Rica', 'Finalizado');
INSERT INTO Aspirante (id_Aspirante, convocatoria, telefonoFijo, telefonoMovil, correo, curp, edad, nombres, apellidoPaterno, apellidoMaterno, fechaNacimiento, genero, nacionalidad, estado_solicitud) VALUES (26, 1, '(926)861-1304', '1-241-952-3283x129', 'C026@gmail.com', '50994632979', '33', 'Noelia', 'Terán', 'Carrasco', '1979-11-20', 'Masculino', 'Panamá', 'Finalizado');
INSERT INTO Aspirante (id_Aspirante, convocatoria, telefonoFijo, telefonoMovil, correo, curp, edad, nombres, apellidoPaterno, apellidoMaterno, fechaNacimiento, genero, nacionalidad, estado_solicitud) VALUES (27, 1, '1-931-960-8857x31200', '017.154.8459', 'C027@gmail.com', '23426582633', '37', 'Julio César', 'Caraballo', 'Maestas', '2001-05-06', 'Femenino', 'Polonia', 'Finalizado');
INSERT INTO Aspirante (id_Aspirante, convocatoria, telefonoFijo, telefonoMovil, correo, curp, edad, nombres, apellidoPaterno, apellidoMaterno, fechaNacimiento, genero, nacionalidad, estado_solicitud) VALUES (28, 1, '+53(2)3676506406', '674-184-8396', 'C028@gmail.com', '7890376192', '57', 'Reina', 'Pedroza', 'Covarrubias', '1987-12-20', 'Femenino', 'Lesotho', 'Finalizado');
INSERT INTO Aspirante (id_Aspirante, convocatoria, telefonoFijo, telefonoMovil, correo, curp, edad, nombres, apellidoPaterno, apellidoMaterno, fechaNacimiento, genero, nacionalidad, estado_solicitud) VALUES (29, 1, '06785980619', '(812)293-5895x679', 'C029@gmail.com', '78786986055', '38', 'Yuridia', 'Vargas', 'Contreras', '1998-04-06', 'Femenino', 'Burkina Faso', 'Finalizado');
INSERT INTO Aspirante (id_Aspirante, convocatoria, telefonoFijo, telefonoMovil, correo, curp, edad, nombres, apellidoPaterno, apellidoMaterno, fechaNacimiento, genero, nacionalidad, estado_solicitud) VALUES (30, 1, '(831)849-1557', '488-630-5295', 'C030@gmail.com', '47714395218', '44', 'Rosalia', 'Armas', 'Rivas', '1970-03-29', 'Femenino', 'Madagascar', 'Finalizado');
INSERT INTO Aspirante (id_Aspirante, convocatoria, telefonoFijo, telefonoMovil, correo, curp, edad, nombres, apellidoPaterno, apellidoMaterno, fechaNacimiento, genero, nacionalidad, estado_solicitud) VALUES (31, 1, '+77(3)0932775664', '1-796-849-8552', 'C031@gmail.com', '5355308890', '52', 'Marco Antonio', 'Cintrón', 'Nieto', '2001-04-15', 'Masculino', 'México', 'Finalizado');
INSERT INTO Aspirante (id_Aspirante, convocatoria, telefonoFijo, telefonoMovil, correo, curp, edad, nombres, apellidoPaterno, apellidoMaterno, fechaNacimiento, genero, nacionalidad, estado_solicitud) VALUES (32, 1, '1-342-894-6655', '460.640.6493', 'C032@gmail.com', '61240677601', '27', 'Mariana', 'Collado', 'Soria', '2005-08-06', 'Masculino', 'Palau', 'Finalizado');
INSERT INTO Aspirante (id_Aspirante, convocatoria, telefonoFijo, telefonoMovil, correo, curp, edad, nombres, apellidoPaterno, apellidoMaterno, fechaNacimiento, genero, nacionalidad, estado_solicitud) VALUES (33, 1, '940-506-6020x485', '05575369271', 'C033@gmail.com', '24826648768', '20', 'Estela', 'Adame', 'Verduzco', '1984-01-11', 'Masculino', 'Mexicano', 'Finalizado');
INSERT INTO Aspirante (id_Aspirante, convocatoria, telefonoFijo, telefonoMovil, correo, curp, edad, nombres, apellidoPaterno, apellidoMaterno, fechaNacimiento, genero, nacionalidad, estado_solicitud) VALUES (34, 1, '443-987-6502x324', '072-827-6691', 'C034@gmail.com', '28250809184', '55', 'Benjamín', 'Dávila', 'Cortés', '1971-01-31', 'Femenino', 'Chad', 'Finalizado');
INSERT INTO Aspirante (id_Aspirante, convocatoria, telefonoFijo, telefonoMovil, correo, curp, edad, nombres, apellidoPaterno, apellidoMaterno, fechaNacimiento, genero, nacionalidad, estado_solicitud) VALUES (35, 1, '(540)746-9768x628', '310-772-9782', 'C035@gmail.com', '56234112896', '58', 'Isabela', 'Sáenz', 'Ruelas', '1988-01-16', 'Masculino', 'Benin', 'Finalizado');
INSERT INTO Aspirante (id_Aspirante, convocatoria, telefonoFijo, telefonoMovil, correo, curp, edad, nombres, apellidoPaterno, apellidoMaterno, fechaNacimiento, genero, nacionalidad, estado_solicitud) VALUES (36, 1, '733.029.6912x228', '09503528357', 'C036@gmail.com', '74839525909', '50', 'Pascual', 'Matos', 'Véliz', '2004-06-15', 'Masculino', 'Sudán', 'Finalizado');
INSERT INTO Aspirante (id_Aspirante, convocatoria, telefonoFijo, telefonoMovil, correo, curp, edad, nombres, apellidoPaterno, apellidoMaterno, fechaNacimiento, genero, nacionalidad, estado_solicitud) VALUES (37, 1, '658.749.4439x58717', '(895)654-1891', 'C037@gmail.com', '23983324155', '54', 'Inés', 'Hernández', 'Orta', '1998-06-17', 'Masculino', 'Kirguistán', 'Finalizado');
INSERT INTO Aspirante (id_Aspirante, convocatoria, telefonoFijo, telefonoMovil, correo, curp, edad, nombres, apellidoPaterno, apellidoMaterno, fechaNacimiento, genero, nacionalidad, estado_solicitud) VALUES (38, 1, '(307)944-9621', '305.136.2189x8750', 'C038@gmail.com', '54593620674', '37', 'Ana', 'Loera', 'Rojo', '1993-06-12', 'Femenino', 'Kiribati', 'Finalizado');
INSERT INTO Aspirante (id_Aspirante, convocatoria, telefonoFijo, telefonoMovil, correo, curp, edad, nombres, apellidoPaterno, apellidoMaterno, fechaNacimiento, genero, nacionalidad, estado_solicitud) VALUES (39, 1, '(831)101-9598', '(851)717-4986x80075', 'C039@gmail.com', '31255959988', '44', 'Cynthia', 'Hernandes', 'Madera', '1986-09-23', 'Masculino', 'Perú', 'Finalizado');
INSERT INTO Aspirante (id_Aspirante, convocatoria, telefonoFijo, telefonoMovil, correo, curp, edad, nombres, apellidoPaterno, apellidoMaterno, fechaNacimiento, genero, nacionalidad, estado_solicitud) VALUES (40, 1, '(499)447-1908', '(029)632-3685x9370', 'C040@gmail.com', '46205014478', '43', 'Adriana', 'Cantú', 'Espinoza', '1994-10-25', 'Femenino', 'Myanmar', 'Finalizado');
INSERT INTO Aspirante (id_Aspirante, convocatoria, telefonoFijo, telefonoMovil, correo, curp, edad, nombres, apellidoPaterno, apellidoMaterno, fechaNacimiento, genero, nacionalidad, estado_solicitud) VALUES (41, 1, '(534)904-7337', '03726348393', 'C041@gmail.com', '53347736851', '34', 'Paulina', 'Zúñiga', 'Ordóñez', '1966-10-23', 'Femenino', 'Túnez', 'Finalizado');
INSERT INTO Aspirante (id_Aspirante, convocatoria, telefonoFijo, telefonoMovil, correo, curp, edad, nombres, apellidoPaterno, apellidoMaterno, fechaNacimiento, genero, nacionalidad, estado_solicitud) VALUES (42, 1, '227-259-7133x9919', '(741)990-4613', 'C042@gmail.com', '28369557831', '44', 'Jos', 'Durán', 'Benavídez', '2000-03-29', 'Femenino', 'España', 'Finalizado');
INSERT INTO Aspirante (id_Aspirante, convocatoria, telefonoFijo, telefonoMovil, correo, curp, edad, nombres, apellidoPaterno, apellidoMaterno, fechaNacimiento, genero, nacionalidad, estado_solicitud) VALUES (43, 1, '(560)191-6423', '1-895-327-6496x24558', 'C043@gmail.com', '37560707061', '32', 'Juan Carlos', 'Cervantes', 'Ballesteros', '1974-09-14', 'Femenino', 'Madagascar', 'Finalizado');
INSERT INTO Aspirante (id_Aspirante, convocatoria, telefonoFijo, telefonoMovil, correo, curp, edad, nombres, apellidoPaterno, apellidoMaterno, fechaNacimiento, genero, nacionalidad, estado_solicitud) VALUES (44, 1, '1-183-443-1892', '784-060-0210x28624', 'C044@gmail.com', '8258846073', '31', 'Pablo', 'Saldivar', 'Chapa', '1968-09-07', 'Femenino', 'Gabón', 'Finalizado');
INSERT INTO Aspirante (id_Aspirante, convocatoria, telefonoFijo, telefonoMovil, correo, curp, edad, nombres, apellidoPaterno, apellidoMaterno, fechaNacimiento, genero, nacionalidad, estado_solicitud) VALUES (45, 1, '1-293-657-9279', '1-530-755-9022', 'C045@gmail.com', '28388267404', '42', 'Miriam', 'Ávila', 'Corral', '1967-10-26', 'Masculino', 'Chipre', 'Finalizado');
INSERT INTO Aspirante (id_Aspirante, convocatoria, telefonoFijo, telefonoMovil, correo, curp, edad, nombres, apellidoPaterno, apellidoMaterno, fechaNacimiento, genero, nacionalidad, estado_solicitud) VALUES (46, 1, '140.647.3628', '169.598.8260', 'C046@gmail.com', '34715566633', '20', 'Ignacio', 'Rosales', 'Ramírez', '1975-02-15', 'Femenino', 'Paraguay', 'Finalizado');
INSERT INTO Aspirante (id_Aspirante, convocatoria, telefonoFijo, telefonoMovil, correo, curp, edad, nombres, apellidoPaterno, apellidoMaterno, fechaNacimiento, genero, nacionalidad, estado_solicitud) VALUES (47, 1, '1-129-854-2653x5256', '1-762-834-3582', 'C047@gmail.com', '17442688622', '50', 'Arcelia', 'Marrero', 'Feliciano', '1970-02-15', 'Masculino', 'Djibouti', 'Finalizado');
INSERT INTO Aspirante (id_Aspirante, convocatoria, telefonoFijo, telefonoMovil, correo, curp, edad, nombres, apellidoPaterno, apellidoMaterno, fechaNacimiento, genero, nacionalidad, estado_solicitud) VALUES (48, 1, '600.496.4529', '+14(3)7779529859', 'C048@gmail.com', '80091677379', '29', 'Cecilia', 'Sanches', 'Lugo', '1972-09-20', 'Masculino', 'Túnez', 'Finalizado');
INSERT INTO Aspirante (id_Aspirante, convocatoria, telefonoFijo, telefonoMovil, correo, curp, edad, nombres, apellidoPaterno, apellidoMaterno, fechaNacimiento, genero, nacionalidad, estado_solicitud) VALUES (49, 1, '361.741.0083x7761', '367-049-5389x04142', 'C049@gmail.com', '87572641303', '44', 'Magdalena', 'Puga', 'Leiva', '1997-11-23', 'Femenino', 'República Democrática del Congo', 'Finalizado');
INSERT INTO Aspirante (id_Aspirante, convocatoria, telefonoFijo, telefonoMovil, correo, curp, edad, nombres, apellidoPaterno, apellidoMaterno, fechaNacimiento, genero, nacionalidad, estado_solicitud) VALUES (50, 1, '(826)108-1904x062', '1-997-302-9145', 'C050@gmail.com', '3371267273', '20', 'Barbara', 'Durán', 'Aranda', '1969-06-18', 'Masculino', 'Bélgica', 'Finalizado');
INSERT INTO Aspirante (id_Aspirante, convocatoria, telefonoFijo, telefonoMovil, correo, curp, edad, nombres, apellidoPaterno, apellidoMaterno, fechaNacimiento, genero, nacionalidad, estado_solicitud) VALUES (51, 1, '(644)150-2536x9167', '(591)596-9353x71389', 'C051@gmail.com', '25028168075', '45', 'Miguel Ángel', 'Carrión', 'Tello', '2006-06-03', 'Masculino', 'Armenia', 'Finalizado');
INSERT INTO Aspirante (id_Aspirante, convocatoria, telefonoFijo, telefonoMovil, correo, curp, edad, nombres, apellidoPaterno, apellidoMaterno, fechaNacimiento, genero, nacionalidad, estado_solicitud) VALUES (52, 1, '475.703.6927', '(780)602-9091x687', 'C052@gmail.com', '90694774689', '52', 'César', 'Lomeli', 'Barela', '1997-01-28', 'Masculino', 'San Vicente y las Granadinas', 'Finalizado');
INSERT INTO Aspirante (id_Aspirante, convocatoria, telefonoFijo, telefonoMovil, correo, curp, edad, nombres, apellidoPaterno, apellidoMaterno, fechaNacimiento, genero, nacionalidad, estado_solicitud) VALUES (53, 1, '(304)525-7384', '113.487.8981', 'C053@gmail.com', '54346540310', '44', 'Roberto', 'Naranjo', 'Mares', '1980-04-09', 'Femenino', 'Fiji', 'Finalizado');
INSERT INTO Aspirante (id_Aspirante, convocatoria, telefonoFijo, telefonoMovil, correo, curp, edad, nombres, apellidoPaterno, apellidoMaterno, fechaNacimiento, genero, nacionalidad, estado_solicitud) VALUES (54, 1, '1-180-308-2807', '+33(9)5997046033', 'C054@gmail.com', '12396263829', '27', 'Claudio', 'Corona', 'Morales', '1999-10-21', 'Masculino', 'Armenia', 'Finalizado');
INSERT INTO Aspirante (id_Aspirante, convocatoria, telefonoFijo, telefonoMovil, correo, curp, edad, nombres, apellidoPaterno, apellidoMaterno, fechaNacimiento, genero, nacionalidad, estado_solicitud) VALUES (55, 1, '760.497.0742x928', '001.923.1748', 'C055@gmail.com', '54257600244', '35', 'Abril', 'Melgar', 'Mondragón', '1969-10-02', 'Femenino', 'San Marino', 'Finalizado');
INSERT INTO Aspirante (id_Aspirante, convocatoria, telefonoFijo, telefonoMovil, correo, curp, edad, nombres, apellidoPaterno, apellidoMaterno, fechaNacimiento, genero, nacionalidad, estado_solicitud) VALUES (56, 1, '04208801996', '(098)715-9324', 'C056@gmail.com', '67940056079', '48', 'Eva', 'Muñiz', 'Ramón', '1995-04-01', 'Femenino', 'Botswana', 'Finalizado');
INSERT INTO Aspirante (id_Aspirante, convocatoria, telefonoFijo, telefonoMovil, correo, curp, edad, nombres, apellidoPaterno, apellidoMaterno, fechaNacimiento, genero, nacionalidad, estado_solicitud) VALUES (57, 1, '724.334.2045x374', '+72(4)8439614429', 'C057@gmail.com', '8032722871', '55', 'Ignacio', 'Cabrera', 'Macías', '1976-10-16', 'Femenino', 'Austria', 'Finalizado');
INSERT INTO Aspirante (id_Aspirante, convocatoria, telefonoFijo, telefonoMovil, correo, curp, edad, nombres, apellidoPaterno, apellidoMaterno, fechaNacimiento, genero, nacionalidad, estado_solicitud) VALUES (58, 1, '1-407-462-4797x35458', '09624522034', 'C058@gmail.com', '69052135121', '50', 'Paola', 'Reynoso', 'Feliciano', '1982-03-03', 'Femenino', 'Bhután', 'Finalizado');
INSERT INTO Aspirante (id_Aspirante, convocatoria, telefonoFijo, telefonoMovil, correo, curp, edad, nombres, apellidoPaterno, apellidoMaterno, fechaNacimiento, genero, nacionalidad, estado_solicitud) VALUES (59, 1, '1-905-681-4757x92592', '(940)792-6209x35989', 'C059@gmail.com', '5772508478', '36', 'Alvaro', 'Bonilla', 'Guajardo', '1985-01-24', 'Femenino', 'Mongolia', 'Finalizado');
INSERT INTO Aspirante (id_Aspirante, convocatoria, telefonoFijo, telefonoMovil, correo, curp, edad, nombres, apellidoPaterno, apellidoMaterno, fechaNacimiento, genero, nacionalidad, estado_solicitud) VALUES (60, 1, '+77(6)0571849022', '222.108.7366x046', 'C060@gmail.com', '51847398230', '40', 'Ariadna', 'Mora', 'Ramírez', '1991-10-11', 'Femenino', 'Tonga', 'Finalizado');
INSERT INTO Aspirante (id_Aspirante, convocatoria, telefonoFijo, telefonoMovil, correo, curp, edad, nombres, apellidoPaterno, apellidoMaterno, fechaNacimiento, genero, nacionalidad, estado_solicitud) VALUES (61, 1, '(631)944-3570x4260', '(330)978-6263', 'C061@gmail.com', '95745044610', '22', 'Mauro', 'Santana', 'Curiel', '2004-12-14', 'Masculino', 'Somalia', 'Finalizado');
INSERT INTO Aspirante (id_Aspirante, convocatoria, telefonoFijo, telefonoMovil, correo, curp, edad, nombres, apellidoPaterno, apellidoMaterno, fechaNacimiento, genero, nacionalidad, estado_solicitud) VALUES (62, 1, '461-816-2841x139', '1-494-544-4204', 'C062@gmail.com', '19590129284', '42', 'Pedro', 'Cisneros', 'León', '2004-10-25', 'Masculino', 'Suecia', 'Finalizado');
INSERT INTO Aspirante (id_Aspirante, convocatoria, telefonoFijo, telefonoMovil, correo, curp, edad, nombres, apellidoPaterno, apellidoMaterno, fechaNacimiento, genero, nacionalidad, estado_solicitud) VALUES (63, 1, '1-782-961-0029x20461', '667.713.2847', 'C063@gmail.com', '88803856017', '45', 'Marisol', 'Zamora', 'Vélez', '2004-01-01', 'Femenino', 'Líbano', 'Finalizado');
INSERT INTO Aspirante (id_Aspirante, convocatoria, telefonoFijo, telefonoMovil, correo, curp, edad, nombres, apellidoPaterno, apellidoMaterno, fechaNacimiento, genero, nacionalidad, estado_solicitud) VALUES (64, 1, '028-552-8324x3400', '192.874.4915x66608', 'C064@gmail.com', '34895144185', '28', 'Irene', 'Varela', 'Pantoja', '1980-08-23', 'Masculino', 'Bahamas', 'Finalizado');
INSERT INTO Aspirante (id_Aspirante, convocatoria, telefonoFijo, telefonoMovil, correo, curp, edad, nombres, apellidoPaterno, apellidoMaterno, fechaNacimiento, genero, nacionalidad, estado_solicitud) VALUES (65, 1, '(285)959-6057', '383.975.0210', 'C065@gmail.com', '65103143445', '49', 'Fernando', 'Matías', 'Carmona', '1979-05-20', 'Masculino', 'Libia', 'Finalizado');
INSERT INTO Aspirante (id_Aspirante, convocatoria, telefonoFijo, telefonoMovil, correo, curp, edad, nombres, apellidoPaterno, apellidoMaterno, fechaNacimiento, genero, nacionalidad, estado_solicitud) VALUES (66, 1, '(056)380-3564x395', '609.136.0352x48576', 'C066@gmail.com', '79173168513', '57', 'Mitzy', 'Ontiveros', 'Herrera', '1991-06-11', 'Femenino', 'República de Moldova', 'Finalizado');
INSERT INTO Aspirante (id_Aspirante, convocatoria, telefonoFijo, telefonoMovil, correo, curp, edad, nombres, apellidoPaterno, apellidoMaterno, fechaNacimiento, genero, nacionalidad, estado_solicitud) VALUES (67, 1, '07273783650', '512-293-4372x528', 'C067@gmail.com', '55261863876', '53', 'Ana María', 'Marrero', 'Serrato', '1989-01-17', 'Femenino', 'Rumania', 'Finalizado');
INSERT INTO Aspirante (id_Aspirante, convocatoria, telefonoFijo, telefonoMovil, correo, curp, edad, nombres, apellidoPaterno, apellidoMaterno, fechaNacimiento, genero, nacionalidad, estado_solicitud) VALUES (68, 1, '1-341-251-1204x463', '131-026-9676', 'C068@gmail.com', '66239056857', '18', 'Estefanía', 'Centeno', 'Bañuelos', '1999-04-03', 'Masculino', 'Portugal', 'Finalizado');
INSERT INTO Aspirante (id_Aspirante, convocatoria, telefonoFijo, telefonoMovil, correo, curp, edad, nombres, apellidoPaterno, apellidoMaterno, fechaNacimiento, genero, nacionalidad, estado_solicitud) VALUES (69, 1, '630.843.7276x83663', '1-110-093-1682x10639', 'C069@gmail.com', '95204491120', '32', 'Abril', 'Rosales', 'Razo', '2001-09-14', 'Femenino', 'Estonia', 'Finalizado');
INSERT INTO Aspirante (id_Aspirante, convocatoria, telefonoFijo, telefonoMovil, correo, curp, edad, nombres, apellidoPaterno, apellidoMaterno, fechaNacimiento, genero, nacionalidad, estado_solicitud) VALUES (70, 1, '1-255-587-5379x173', '554.308.2179', 'C070@gmail.com', '30448328911', '43', 'Espartaco', 'Muro', 'Orozco', '1976-10-25', 'Masculino', 'Cuba', 'Finalizado');
INSERT INTO Aspirante (id_Aspirante, convocatoria, telefonoFijo, telefonoMovil, correo, curp, edad, nombres, apellidoPaterno, apellidoMaterno, fechaNacimiento, genero, nacionalidad, estado_solicitud) VALUES (71, 1, '391.622.1697x42622', '(975)060-5582', 'C071@gmail.com', '75695863375', '58', 'Emilia', 'Ledesma', 'Lemus', '1989-11-22', 'Masculino', 'Mónaco', 'Finalizado');
INSERT INTO Aspirante (id_Aspirante, convocatoria, telefonoFijo, telefonoMovil, correo, curp, edad, nombres, apellidoPaterno, apellidoMaterno, fechaNacimiento, genero, nacionalidad, estado_solicitud) VALUES (72, 1, '174.949.0144x92069', '08476098535', 'C072@gmail.com', '97350672446', '42', 'Israel', 'Ayala', 'Córdova', '1964-04-11', 'Femenino', 'Saint Kitts y Nevis', 'Finalizado');
INSERT INTO Aspirante (id_Aspirante, convocatoria, telefonoFijo, telefonoMovil, correo, curp, edad, nombres, apellidoPaterno, apellidoMaterno, fechaNacimiento, genero, nacionalidad, estado_solicitud) VALUES (73, 1, '753-714-0888', '(965)721-5587x886', 'C073@gmail.com', '71827428153', '47', 'Gerónimo', 'Caballero', 'Zelaya', '1985-09-26', 'Femenino', 'Cabo Verde', 'Finalizado');
INSERT INTO Aspirante (id_Aspirante, convocatoria, telefonoFijo, telefonoMovil, correo, curp, edad, nombres, apellidoPaterno, apellidoMaterno, fechaNacimiento, genero, nacionalidad, estado_solicitud) VALUES (74, 1, '05135518770', '331-270-4311', 'C074@gmail.com', '26582419367', '35', 'Felipe', 'Robles', 'Maestas', '1973-08-11', 'Masculino', 'Guinea Bissau', 'Finalizado');
INSERT INTO Aspirante (id_Aspirante, convocatoria, telefonoFijo, telefonoMovil, correo, curp, edad, nombres, apellidoPaterno, apellidoMaterno, fechaNacimiento, genero, nacionalidad, estado_solicitud) VALUES (75, 1, '012.452.1548', '(253)963-0877', 'C075@gmail.com', '62174391441', '33', 'Tania', 'Cotto', 'Aparicio', '1994-06-29', 'Masculino', 'Granada', 'Finalizado');
INSERT INTO Aspirante (id_Aspirante, convocatoria, telefonoFijo, telefonoMovil, correo, curp, edad, nombres, apellidoPaterno, apellidoMaterno, fechaNacimiento, genero, nacionalidad, estado_solicitud) VALUES (76, 1, '364.706.5184x625', '033-545-5783x036', 'C076@gmail.com', '9543525282', '19', 'René', 'Casanova', 'Gollum', '1966-12-03', 'Femenino', 'Bhután', 'Finalizado');
INSERT INTO Aspirante (id_Aspirante, convocatoria, telefonoFijo, telefonoMovil, correo, curp, edad, nombres, apellidoPaterno, apellidoMaterno, fechaNacimiento, genero, nacionalidad, estado_solicitud) VALUES (77, 1, '1-068-840-4147x858', '1-799-712-7621x1533', 'C077@gmail.com', '91484197966', '58', 'Nicolás', 'Estrada', 'Castañeda', '1991-09-11', 'Masculino', 'Montenegro', 'Finalizado');
INSERT INTO Aspirante (id_Aspirante, convocatoria, telefonoFijo, telefonoMovil, correo, curp, edad, nombres, apellidoPaterno, apellidoMaterno, fechaNacimiento, genero, nacionalidad, estado_solicitud) VALUES (78, 1, '1-117-858-4854', '+15(4)0801834033', 'C078@gmail.com', '64780327710', '36', 'Bruno', 'Frías', 'Galindo', '1979-02-12', 'Masculino', 'Filipinas', 'Finalizado');
INSERT INTO Aspirante (id_Aspirante, convocatoria, telefonoFijo, telefonoMovil, correo, curp, edad, nombres, apellidoPaterno, apellidoMaterno, fechaNacimiento, genero, nacionalidad, estado_solicitud) VALUES (79, 1, '(302)546-1358x6852', '511-902-4679x17217', 'C079@gmail.com', '63709625881', '45', 'Elias', 'Ortiz', 'Sotelo', '2000-10-23', 'Femenino', 'Congo', 'Finalizado');
INSERT INTO Aspirante (id_Aspirante, convocatoria, telefonoFijo, telefonoMovil, correo, curp, edad, nombres, apellidoPaterno, apellidoMaterno, fechaNacimiento, genero, nacionalidad, estado_solicitud) VALUES (80, 1, '110.255.1295x88025', '550.063.1671x5970', 'C080@gmail.com', '81388885352', '50', 'Abel', 'de la Garza', 'Yáñez', '1982-12-10', 'Femenino', 'Etiopía', 'Finalizado');
INSERT INTO Aspirante (id_Aspirante, convocatoria, telefonoFijo, telefonoMovil, correo, curp, edad, nombres, apellidoPaterno, apellidoMaterno, fechaNacimiento, genero, nacionalidad, estado_solicitud) VALUES (81, 1, '1-136-773-3768', '060.555.8489x52895', 'C081@gmail.com', '98285672485', '57', 'María Teresa', 'Jaramillo', 'Murillo', '1969-04-27', 'Femenino', 'Rumania', 'Finalizado');
INSERT INTO Aspirante (id_Aspirante, convocatoria, telefonoFijo, telefonoMovil, correo, curp, edad, nombres, apellidoPaterno, apellidoMaterno, fechaNacimiento, genero, nacionalidad, estado_solicitud) VALUES (82, 1, '214-042-6572x20356', '861.919.0655', 'C082@gmail.com', '14901838913', '54', 'César', 'Flórez', 'Carrero', '1980-09-21', 'Masculino', 'India', 'Finalizado');
INSERT INTO Aspirante (id_Aspirante, convocatoria, telefonoFijo, telefonoMovil, correo, curp, edad, nombres, apellidoPaterno, apellidoMaterno, fechaNacimiento, genero, nacionalidad, estado_solicitud) VALUES (83, 1, '283-612-1899x010', '018-238-3014x8598', 'C083@gmail.com', '75052460195', '42', 'Elena', 'Lebrón', 'de la Torre', '1981-10-26', 'Masculino', 'Nigeria', 'Finalizado');
INSERT INTO Aspirante (id_Aspirante, convocatoria, telefonoFijo, telefonoMovil, correo, curp, edad, nombres, apellidoPaterno, apellidoMaterno, fechaNacimiento, genero, nacionalidad, estado_solicitud) VALUES (84, 1, '(450)320-8775', '1-926-323-3116x077', 'C084@gmail.com', '18622216580', '33', 'Sessa', 'Mena', 'Barrera', '1976-05-26', 'Femenino', 'República Checa', 'Finalizado');
INSERT INTO Aspirante (id_Aspirante, convocatoria, telefonoFijo, telefonoMovil, correo, curp, edad, nombres, apellidoPaterno, apellidoMaterno, fechaNacimiento, genero, nacionalidad, estado_solicitud) VALUES (85, 1, '417-287-3146', '233.863.0259', 'C085@gmail.com', '56071615274', '25', 'Esther', 'Prieto', 'Galindo', '1998-06-02', 'Masculino', 'Andorra', 'Finalizado');
INSERT INTO Aspirante (id_Aspirante, convocatoria, telefonoFijo, telefonoMovil, correo, curp, edad, nombres, apellidoPaterno, apellidoMaterno, fechaNacimiento, genero, nacionalidad, estado_solicitud) VALUES (86, 1, '1-963-757-6910x893', '+05(7)1098825274', 'C086@gmail.com', '25178982010', '46', 'Marco Antonio', 'Valle', 'Feliciano', '1968-03-22', 'Femenino', 'Bosnia y Herzegovina', 'Finalizado');
INSERT INTO Aspirante (id_Aspirante, convocatoria, telefonoFijo, telefonoMovil, correo, curp, edad, nombres, apellidoPaterno, apellidoMaterno, fechaNacimiento, genero, nacionalidad, estado_solicitud) VALUES (87, 1, '729-740-5959', '831.733.9442', 'C087@gmail.com', '22505329262', '55', 'Cornelio', 'Melgar', 'Munguía', '2001-02-10', 'Femenino', 'Bangladesh', 'Finalizado');
INSERT INTO Aspirante (id_Aspirante, convocatoria, telefonoFijo, telefonoMovil, correo, curp, edad, nombres, apellidoPaterno, apellidoMaterno, fechaNacimiento, genero, nacionalidad, estado_solicitud) VALUES (88, 1, '130.240.5421x889', '1-757-452-7221x77228', 'C088@gmail.com', '49855356629', '21', 'Estefanía', 'Olmos', 'Núñez', '1971-07-24', 'Femenino', 'Gabón', 'Finalizado');
INSERT INTO Aspirante (id_Aspirante, convocatoria, telefonoFijo, telefonoMovil, correo, curp, edad, nombres, apellidoPaterno, apellidoMaterno, fechaNacimiento, genero, nacionalidad, estado_solicitud) VALUES (89, 1, '1-658-692-0793x00447', '04649638391', 'C089@gmail.com', '38897571196', '24', 'Alicia', 'Ríos', 'Solano', '1990-08-06', 'Masculino', 'Fiji', 'Finalizado');
INSERT INTO Aspirante (id_Aspirante, convocatoria, telefonoFijo, telefonoMovil, correo, curp, edad, nombres, apellidoPaterno, apellidoMaterno, fechaNacimiento, genero, nacionalidad, estado_solicitud) VALUES (90, 1, '(098)576-0474x2467', '(498)353-1824x7406', 'C090@gmail.com', '19643057763', '42', 'José Emilio', 'Solorio', 'Robledo', '2001-06-27', 'Masculino', 'Nicaragua', 'Finalizado');
INSERT INTO Aspirante (id_Aspirante, convocatoria, telefonoFijo, telefonoMovil, correo, curp, edad, nombres, apellidoPaterno, apellidoMaterno, fechaNacimiento, genero, nacionalidad, estado_solicitud) VALUES (91, 1, '740.490.5105x36724', '352-342-3293', 'C091@gmail.com', '14211270054', '53', 'Socorro', 'Vergara', 'Cabrera', '1984-12-15', 'Masculino', 'Liberia', 'Finalizado');
INSERT INTO Aspirante (id_Aspirante, convocatoria, telefonoFijo, telefonoMovil, correo, curp, edad, nombres, apellidoPaterno, apellidoMaterno, fechaNacimiento, genero, nacionalidad, estado_solicitud) VALUES (92, 1, '012.835.4893', '(399)490-9308x822', 'C092@gmail.com', '31264605986', '28', 'Alta  Gracia', 'Márquez', 'Naranjo', '1990-11-19', 'Femenino', 'Timor-Leste', 'Finalizado');
INSERT INTO Aspirante (id_Aspirante, convocatoria, telefonoFijo, telefonoMovil, correo, curp, edad, nombres, apellidoPaterno, apellidoMaterno, fechaNacimiento, genero, nacionalidad, estado_solicitud) VALUES (93, 1, '385-100-6266x7098', '751.715.3986', 'C093@gmail.com', '40971655077', '33', 'Abril', 'Calvillo', 'Garica', '1977-11-03', 'Masculino', 'Croacia', 'Finalizado');
INSERT INTO Aspirante (id_Aspirante, convocatoria, telefonoFijo, telefonoMovil, correo, curp, edad, nombres, apellidoPaterno, apellidoMaterno, fechaNacimiento, genero, nacionalidad, estado_solicitud) VALUES (94, 1, '310.477.5645x829', '(851)241-5387x23046', 'C094@gmail.com', '11919297108', '49', 'Raúl', 'Valencia', 'Suárez', '2006-07-25', 'Femenino', 'Libia', 'Finalizado');
INSERT INTO Aspirante (id_Aspirante, convocatoria, telefonoFijo, telefonoMovil, correo, curp, edad, nombres, apellidoPaterno, apellidoMaterno, fechaNacimiento, genero, nacionalidad, estado_solicitud) VALUES (95, 1, '03311406745', '632-408-4914x251', 'C095@gmail.com', '88911077845', '18', 'Fabiola', 'Rolón', 'Carrión', '2005-08-04', 'Masculino', 'Montenegro', 'Finalizado');
INSERT INTO Aspirante (id_Aspirante, convocatoria, telefonoFijo, telefonoMovil, correo, curp, edad, nombres, apellidoPaterno, apellidoMaterno, fechaNacimiento, genero, nacionalidad, estado_solicitud) VALUES (96, 1, '788.090.9135x59018', '1-071-352-1859x800', 'C096@gmail.com', '70751240949', '60', 'Lilia', 'Santillán', 'Solís', '1965-07-31', 'Masculino', 'Turkmenistán', 'Finalizado');
INSERT INTO Aspirante (id_Aspirante, convocatoria, telefonoFijo, telefonoMovil, correo, curp, edad, nombres, apellidoPaterno, apellidoMaterno, fechaNacimiento, genero, nacionalidad, estado_solicitud) VALUES (97, 1, '(915)226-8592', '(427)219-8881x5314', 'C097@gmail.com', '23798455814', '60', 'Antonio', 'Sarabia', 'Santiago', '1985-09-10', 'Masculino', 'Marruecos', 'Finalizado');
INSERT INTO Aspirante (id_Aspirante, convocatoria, telefonoFijo, telefonoMovil, correo, curp, edad, nombres, apellidoPaterno, apellidoMaterno, fechaNacimiento, genero, nacionalidad, estado_solicitud) VALUES (98, 1, '106.417.0767x4781', '1-271-802-1568x5398', 'C098@gmail.com', '55160332767', '60', 'Dulce María', 'Vigil', 'Velasco', '1984-10-28', 'Masculino', 'Costa Rica', 'Finalizado');
INSERT INTO Aspirante (id_Aspirante, convocatoria, telefonoFijo, telefonoMovil, correo, curp, edad, nombres, apellidoPaterno, apellidoMaterno, fechaNacimiento, genero, nacionalidad, estado_solicitud) VALUES (99, 1, '1-550-020-5822', '636.656.3945x124', 'C099@gmail.com', '23695744716', '54', 'Indira', 'Barragán', 'Tamez', '1990-10-03', 'Masculino', 'Guinea Bissau', 'Finalizado');
INSERT INTO Aspirante (id_Aspirante, convocatoria, telefonoFijo, telefonoMovil, correo, curp, edad, nombres, apellidoPaterno, apellidoMaterno, fechaNacimiento, genero, nacionalidad, estado_solicitud) VALUES (100, 1, '(008)037-0413x3896', '03429403191', 'C100@gmail.com', '36282400690', '49', 'Eugenia', 'Fuentes', 'Rincón', '1979-03-29', 'Femenino', 'Suecia', 'Finalizado');
INSERT INTO Aspirante (id_Aspirante, convocatoria, telefonoFijo, telefonoMovil, correo, curp, edad, nombres, apellidoPaterno, apellidoMaterno, fechaNacimiento, genero, nacionalidad, estado_solicitud) VALUES (101, 1, '139.926.3034x59348', '+82(3)3056658887', 'C101@gmail.com', '12061967571', '21', 'Elena', 'Bravo', 'Urrutia', '1966-11-07', 'Masculino', 'España', 'Finalizado');
INSERT INTO Aspirante (id_Aspirante, convocatoria, telefonoFijo, telefonoMovil, correo, curp, edad, nombres, apellidoPaterno, apellidoMaterno, fechaNacimiento, genero, nacionalidad, estado_solicitud) VALUES (102, 1, '(036)173-2989', '1-380-459-9978', 'C102@gmail.com', '39414196129', '46', 'Ana Luisa', 'Verduzco', 'Ochoa', '1982-07-06', 'Masculino', 'Jordania', 'Finalizado');
INSERT INTO Aspirante (id_Aspirante, convocatoria, telefonoFijo, telefonoMovil, correo, curp, edad, nombres, apellidoPaterno, apellidoMaterno, fechaNacimiento, genero, nacionalidad, estado_solicitud) VALUES (103, 1, '(194)886-0156', '1-418-491-8438x565', 'C103@gmail.com', '63995145503', '57', 'Gilberto', 'Bétancourt', 'Valencia', '1995-10-22', 'Femenino', 'República Popular Democrática de Corea', 'Finalizado');
INSERT INTO Aspirante (id_Aspirante, convocatoria, telefonoFijo, telefonoMovil, correo, curp, edad, nombres, apellidoPaterno, apellidoMaterno, fechaNacimiento, genero, nacionalidad, estado_solicitud) VALUES (104, 1, '1-277-088-8297', '359-258-4903x328', 'C104@gmail.com', '21126283742', '35', 'Esparta', 'Alcaraz', 'Olvera', '1976-08-06', 'Masculino', 'Micronesia', 'Finalizado');
INSERT INTO Aspirante (id_Aspirante, convocatoria, telefonoFijo, telefonoMovil, correo, curp, edad, nombres, apellidoPaterno, apellidoMaterno, fechaNacimiento, genero, nacionalidad, estado_solicitud) VALUES (105, 1, '1-943-785-5739x147', '578-515-1838x216', 'C105@gmail.com', '91322075002', '30', 'Irma', 'Alfaro', 'Ureña', '2003-01-18', 'Femenino', 'Andorra', 'Finalizado');
INSERT INTO Aspirante (id_Aspirante, convocatoria, telefonoFijo, telefonoMovil, correo, curp, edad, nombres, apellidoPaterno, apellidoMaterno, fechaNacimiento, genero, nacionalidad, estado_solicitud) VALUES (106, 1, '692-392-6714x01989', '661-841-1532x334', 'C106@gmail.com', '64478768191', '44', 'Estela', 'Nava', 'Padilla', '1985-08-28', 'Masculino', 'Bélgica', 'Finalizado');
INSERT INTO Aspirante (id_Aspirante, convocatoria, telefonoFijo, telefonoMovil, correo, curp, edad, nombres, apellidoPaterno, apellidoMaterno, fechaNacimiento, genero, nacionalidad, estado_solicitud) VALUES (107, 1, '(289)735-0173x9600', '578.094.3574', 'C107@gmail.com', '29795037182', '19', 'Trinidad', 'Aguilar', 'Corrales', '2002-04-13', 'Femenino', 'Nueva Zelandia', 'Finalizado');
INSERT INTO Aspirante (id_Aspirante, convocatoria, telefonoFijo, telefonoMovil, correo, curp, edad, nombres, apellidoPaterno, apellidoMaterno, fechaNacimiento, genero, nacionalidad, estado_solicitud) VALUES (108, 1, '(756)041-2014x7371', '(426)419-9148x6222', 'C108@gmail.com', '13474317271', '35', 'Jonás', 'Perea', 'Salinas', '1991-03-27', 'Masculino', 'Afganistán', 'Finalizado');
INSERT INTO Aspirante (id_Aspirante, convocatoria, telefonoFijo, telefonoMovil, correo, curp, edad, nombres, apellidoPaterno, apellidoMaterno, fechaNacimiento, genero, nacionalidad, estado_solicitud) VALUES (109, 1, '119-001-2716x94842', '1-322-085-5807x4752', 'C109@gmail.com', '5760445428', '21', 'Sergio', 'Miramontes', 'Aponte', '1983-12-07', 'Masculino', 'Bhután', 'Finalizado');
INSERT INTO Aspirante (id_Aspirante, convocatoria, telefonoFijo, telefonoMovil, correo, curp, edad, nombres, apellidoPaterno, apellidoMaterno, fechaNacimiento, genero, nacionalidad, estado_solicitud) VALUES (110, 1, '190-911-8818x16472', '254.495.2663x2956', 'C110@gmail.com', '22204012912', '32', 'Abril', 'Barela', 'Casares', '1999-01-03', 'Femenino', 'Bangladesh', 'Finalizado');
INSERT INTO Aspirante (id_Aspirante, convocatoria, telefonoFijo, telefonoMovil, correo, curp, edad, nombres, apellidoPaterno, apellidoMaterno, fechaNacimiento, genero, nacionalidad, estado_solicitud) VALUES (111, 1, '(168)825-0657x823', '1-225-415-6282x2778', 'C111@gmail.com', '67394111099', '48', 'Pilar', 'Lugo', 'Santiago', '1971-01-01', 'Masculino', 'Sudán', 'Finalizado');
INSERT INTO Aspirante (id_Aspirante, convocatoria, telefonoFijo, telefonoMovil, correo, curp, edad, nombres, apellidoPaterno, apellidoMaterno, fechaNacimiento, genero, nacionalidad, estado_solicitud) VALUES (112, 1, '784-907-4164x13620', '1-611-283-3082x56902', 'C112@gmail.com', '30293145402', '44', 'Marcela', 'Saiz', 'Espinal', '1973-08-16', 'Masculino', 'Afganistán', 'Finalizado');
INSERT INTO Aspirante (id_Aspirante, convocatoria, telefonoFijo, telefonoMovil, correo, curp, edad, nombres, apellidoPaterno, apellidoMaterno, fechaNacimiento, genero, nacionalidad, estado_solicitud) VALUES (113, 1, '552-811-5258x69281', '273-705-9904x04836', 'C113@gmail.com', '37087149789', '41', 'Zoé', 'Malave', 'Camarillo', '1965-11-20', 'Femenino', 'Francia', 'Finalizado');
INSERT INTO Aspirante (id_Aspirante, convocatoria, telefonoFijo, telefonoMovil, correo, curp, edad, nombres, apellidoPaterno, apellidoMaterno, fechaNacimiento, genero, nacionalidad, estado_solicitud) VALUES (114, 1, '967.099.3731x552', '372-587-7193x990', 'C114@gmail.com', '3330277876', '60', 'Camila', 'Madrigal', 'Berríos', '1982-10-05', 'Femenino', 'Nauru', 'Finalizado');
INSERT INTO Aspirante (id_Aspirante, convocatoria, telefonoFijo, telefonoMovil, correo, curp, edad, nombres, apellidoPaterno, apellidoMaterno, fechaNacimiento, genero, nacionalidad, estado_solicitud) VALUES (115, 1, '538.405.4303', '750.382.1786', 'C115@gmail.com', '48752895424', '50', 'Adela', 'Merino', 'Espinoza', '1970-07-23', 'Masculino', 'Azerbaiyán', 'Finalizado');
INSERT INTO Aspirante (id_Aspirante, convocatoria, telefonoFijo, telefonoMovil, correo, curp, edad, nombres, apellidoPaterno, apellidoMaterno, fechaNacimiento, genero, nacionalidad, estado_solicitud) VALUES (116, 1, '+89(8)0430280809', '04340902487', 'C116@gmail.com', '65095484252', '26', 'Sandra', 'Paredes', 'Prado', '1985-05-18', 'Femenino', 'Sudán del Sur', 'Finalizado');
INSERT INTO Aspirante (id_Aspirante, convocatoria, telefonoFijo, telefonoMovil, correo, curp, edad, nombres, apellidoPaterno, apellidoMaterno, fechaNacimiento, genero, nacionalidad, estado_solicitud) VALUES (117, 1, '011-834-6298', '687-863-9164x339', 'C117@gmail.com', '7808063478', '34', 'Bruno', 'Alvarado', 'Arriaga', '1988-01-14', 'Masculino', 'Nigeria', 'Finalizado');
INSERT INTO Aspirante (id_Aspirante, convocatoria, telefonoFijo, telefonoMovil, correo, curp, edad, nombres, apellidoPaterno, apellidoMaterno, fechaNacimiento, genero, nacionalidad, estado_solicitud) VALUES (118, 1, '04167681387', '1-151-472-0641x92428', 'C118@gmail.com', '5037261988', '55', 'Rodolfo', 'Tovar', 'Almonte', '1978-06-19', 'Femenino', 'Bulgaria', 'Finalizado');


-- DATOS CCT
INSERT INTO CCT (claveCentro, nombre, estado, codigoPostal, municipio, localidad, nivelEducativo, turno) VALUES ('CCT-3289-487', 'Escuela 25', 'Aguascalientes', '88071', 'Municipio 21', 'Localidad 9', 'Secundaria', 'Vespertino');
INSERT INTO CCT (claveCentro, nombre, estado, codigoPostal, municipio, localidad, nivelEducativo, turno) VALUES ('CCT-2069-952', 'Escuela 43', 'Aguascalientes', '37169', 'Municipio 25', 'Localidad 23', 'Inicial', 'Vespertino');
INSERT INTO CCT (claveCentro, nombre, estado, codigoPostal, municipio, localidad, nivelEducativo, turno) VALUES ('CCT-4028-241', 'Escuela 88', 'Aguascalientes', '18426', 'Municipio 36', 'Localidad 5', 'Preescolar', 'Matutino');
INSERT INTO CCT (claveCentro, nombre, estado, codigoPostal, municipio, localidad, nivelEducativo, turno) VALUES ('CCT-4002-641', 'Escuela 191', 'Aguascalientes', '73938', 'Municipio 47', 'Localidad 17', 'Primaria', 'Matutino');
INSERT INTO CCT (claveCentro, nombre, estado, codigoPostal, municipio, localidad, nivelEducativo, turno) VALUES ('CCT-9159-878', 'Escuela 102', 'Aguascalientes', '88907', 'Municipio 3', 'Localidad 20', 'Primaria', 'Matutino');
INSERT INTO CCT (claveCentro, nombre, estado, codigoPostal, municipio, localidad, nivelEducativo, turno) VALUES ('CCT-5251-214', 'Escuela 76', 'Aguascalientes', '49443', 'Municipio 47', 'Localidad 18', 'Inicial', 'Matutino');
INSERT INTO CCT (claveCentro, nombre, estado, codigoPostal, municipio, localidad, nivelEducativo, turno) VALUES ('CCT-3988-927', 'Escuela 182', 'Aguascalientes', '11237', 'Municipio 17', 'Localidad 19', 'Preescolar', 'Matutino');
INSERT INTO CCT (claveCentro, nombre, estado, codigoPostal, municipio, localidad, nivelEducativo, turno) VALUES ('CCT-5748-795', 'Escuela 73', 'Aguascalientes', '35631', 'Municipio 4', 'Localidad 22', 'Secundaria', 'Matutino');
INSERT INTO CCT (claveCentro, nombre, estado, codigoPostal, municipio, localidad, nivelEducativo, turno) VALUES ('CCT-7945-326', 'Escuela 85', 'Baja California', '45118', 'Municipio 44', 'Localidad 4', 'Inicial', 'Matutino');
INSERT INTO CCT (claveCentro, nombre, estado, codigoPostal, municipio, localidad, nivelEducativo, turno) VALUES ('CCT-4933-945', 'Escuela 3', 'Baja California', '67367', 'Municipio 47', 'Localidad 1', 'Inicial', 'Vespertino');
INSERT INTO CCT (claveCentro, nombre, estado, codigoPostal, municipio, localidad, nivelEducativo, turno) VALUES ('CCT-1957-732', 'Escuela 27', 'Baja California', '82239', 'Municipio 34', 'Localidad 30', 'Inicial', 'Vespertino');
INSERT INTO CCT (claveCentro, nombre, estado, codigoPostal, municipio, localidad, nivelEducativo, turno) VALUES ('CCT-8885-843', 'Escuela 10', 'Baja California', '22714', 'Municipio 46', 'Localidad 24', 'Primaria', 'Matutino');
INSERT INTO CCT (claveCentro, nombre, estado, codigoPostal, municipio, localidad, nivelEducativo, turno) VALUES ('CCT-7030-643', 'Escuela 171', 'Baja California', '39270', 'Municipio 50', 'Localidad 28', 'Preescolar', 'Matutino');
INSERT INTO CCT (claveCentro, nombre, estado, codigoPostal, municipio, localidad, nivelEducativo, turno) VALUES ('CCT-6030-620', 'Escuela 97', 'Baja California', '75262', 'Municipio 34', 'Localidad 30', 'Inicial', 'Matutino');
INSERT INTO CCT (claveCentro, nombre, estado, codigoPostal, municipio, localidad, nivelEducativo, turno) VALUES ('CCT-5852-224', 'Escuela 42', 'Baja California', '85969', 'Municipio 24', 'Localidad 26', 'Primaria', 'Matutino');
INSERT INTO CCT (claveCentro, nombre, estado, codigoPostal, municipio, localidad, nivelEducativo, turno) VALUES ('CCT-2985-700', 'Escuela 24', 'Baja California', '70736', 'Municipio 27', 'Localidad 25', 'Preescolar', 'Vespertino');
INSERT INTO CCT (claveCentro, nombre, estado, codigoPostal, municipio, localidad, nivelEducativo, turno) VALUES ('CCT-2017-146', 'Escuela 198', 'Baja California Sur', '73800', 'Municipio 49', 'Localidad 5', 'Primaria', 'Matutino');
INSERT INTO CCT (claveCentro, nombre, estado, codigoPostal, municipio, localidad, nivelEducativo, turno) VALUES ('CCT-1258-890', 'Escuela 63', 'Baja California Sur', '20255', 'Municipio 3', 'Localidad 15', 'Preescolar', 'Matutino');
INSERT INTO CCT (claveCentro, nombre, estado, codigoPostal, municipio, localidad, nivelEducativo, turno) VALUES ('CCT-7151-812', 'Escuela 79', 'Baja California Sur', '53582', 'Municipio 9', 'Localidad 26', 'Primaria', 'Matutino');
INSERT INTO CCT (claveCentro, nombre, estado, codigoPostal, municipio, localidad, nivelEducativo, turno) VALUES ('CCT-7680-727', 'Escuela 98', 'Baja California Sur', '32164', 'Municipio 7', 'Localidad 15', 'Preescolar', 'Matutino');
INSERT INTO CCT (claveCentro, nombre, estado, codigoPostal, municipio, localidad, nivelEducativo, turno) VALUES ('CCT-7507-629', 'Escuela 2', 'Baja California Sur', '77711', 'Municipio 19', 'Localidad 2', 'Preescolar', 'Vespertino');
INSERT INTO CCT (claveCentro, nombre, estado, codigoPostal, municipio, localidad, nivelEducativo, turno) VALUES ('CCT-1654-538', 'Escuela 157', 'Baja California Sur', '72886', 'Municipio 27', 'Localidad 26', 'Inicial', 'Matutino');
INSERT INTO CCT (claveCentro, nombre, estado, codigoPostal, municipio, localidad, nivelEducativo, turno) VALUES ('CCT-9103-386', 'Escuela 189', 'Baja California Sur', '21673', 'Municipio 10', 'Localidad 11', 'Secundaria', 'Matutino');
INSERT INTO CCT (claveCentro, nombre, estado, codigoPostal, municipio, localidad, nivelEducativo, turno) VALUES ('CCT-7551-698', 'Escuela 199', 'Baja California Sur', '39453', 'Municipio 26', 'Localidad 19', 'Primaria', 'Matutino');
INSERT INTO CCT (claveCentro, nombre, estado, codigoPostal, municipio, localidad, nivelEducativo, turno, latitud, longitud) VALUES ('CCT-1273-163', 'Escuela 127', 'Campeche', '20670', 'Municipio 8', 'Localidad 2', 'Inicial', 'Vespertino',18.15556,-90.62306);
INSERT INTO CCT (claveCentro, nombre, estado, codigoPostal, municipio, localidad, nivelEducativo, turno, latitud, longitud) VALUES ('CCT-7402-632', 'Escuela 190', 'Campeche', '54582', 'Municipio 5', 'Localidad 6', 'Preescolar', 'Vespertino',18.21639,-90.87972);
INSERT INTO CCT (claveCentro, nombre, estado, codigoPostal, municipio, localidad, nivelEducativo, turno, latitud, longitud) VALUES ('CCT-7548-461', 'Escuela 125', 'Campeche', '71647', 'Municipio 2', 'Localidad 28', 'Inicial', 'Vespertino',17.96889,-90.83556);
INSERT INTO CCT (claveCentro, nombre, estado, codigoPostal, municipio, localidad, nivelEducativo, turno, latitud, longitud) VALUES ('CCT-4016-580', 'Escuela 41', 'Campeche', '27798', 'Municipio 14', 'Localidad 21', 'Inicial', 'Vespertino',19.68806,-90.46083);
INSERT INTO CCT (claveCentro, nombre, estado, codigoPostal, municipio, localidad, nivelEducativo, turno, latitud, longitud) VALUES ('CCT-1623-869', 'Escuela 110', 'Campeche', '68119', 'Municipio 26', 'Localidad 16', 'Primaria', 'Vespertino',19.71333,-90.52361);
INSERT INTO CCT (claveCentro, nombre, estado, codigoPostal, municipio, localidad, nivelEducativo, turno, latitud, longitud) VALUES ('CCT-4597-168', 'Escuela 42', 'Campeche', '31279', 'Municipio 1', 'Localidad 28', 'Primaria', 'Matutino',18.19722,-90.65333);

UPDATE CCT SET latitud=18.15556,longitud=-90.62306 WHERE claveCentro='CCT-1273-163';
UPDATE CCT SET latitud=18.21639,longitud=-90.87972 WHERE claveCentro='CCT-7402-632';
UPDATE CCT SET latitud=17.96889,longitud=-90.83556 WHERE claveCentro='CCT-7548-461';
UPDATE CCT SET latitud=19.68806,longitud=-90.46083 WHERE claveCentro='CCT-4016-580';
UPDATE CCT SET latitud=19.71333,longitud=-90.52361 WHERE claveCentro='CCT-1623-869';
UPDATE CCT SET latitud=18.19722,longitud=-90.65333 WHERE claveCentro='CCT-4597-168';

INSERT INTO CCT (claveCentro, nombre, estado, codigoPostal, municipio, localidad, nivelEducativo, turno) VALUES ('CCT-8567-839', 'Escuela 24', 'Chiapas', '38829', 'Municipio 45', 'Localidad 1', 'Inicial', 'Vespertino');
INSERT INTO CCT (claveCentro, nombre, estado, codigoPostal, municipio, localidad, nivelEducativo, turno) VALUES ('CCT-6589-452', 'Escuela 39', 'Chiapas', '40963', 'Municipio 49', 'Localidad 21', 'Secundaria', 'Matutino');
INSERT INTO CCT (claveCentro, nombre, estado, codigoPostal, municipio, localidad, nivelEducativo, turno) VALUES ('CCT-1408-944', 'Escuela 159', 'Chiapas', '52380', 'Municipio 19', 'Localidad 10', 'Primaria', 'Matutino');
INSERT INTO CCT (claveCentro, nombre, estado, codigoPostal, municipio, localidad, nivelEducativo, turno) VALUES ('CCT-4995-883', 'Escuela 121', 'Chiapas', '99768', 'Municipio 30', 'Localidad 22', 'Primaria', 'Matutino');
INSERT INTO CCT (claveCentro, nombre, estado, codigoPostal, municipio, localidad, nivelEducativo, turno) VALUES ('CCT-9984-781', 'Escuela 162', 'Chiapas', '97265', 'Municipio 44', 'Localidad 30', 'Primaria', 'Matutino');
INSERT INTO CCT (claveCentro, nombre, estado, codigoPostal, municipio, localidad, nivelEducativo, turno) VALUES ('CCT-1380-835', 'Escuela 20', 'Chiapas', '84829', 'Municipio 9', 'Localidad 28', 'Primaria', 'Vespertino');
INSERT INTO CCT (claveCentro, nombre, estado, codigoPostal, municipio, localidad, nivelEducativo, turno) VALUES ('CCT-7997-273', 'Escuela 69', 'Chiapas', '14285', 'Municipio 14', 'Localidad 15', 'Primaria', 'Vespertino');
INSERT INTO CCT (claveCentro, nombre, estado, codigoPostal, municipio, localidad, nivelEducativo, turno) VALUES ('CCT-4202-156', 'Escuela 68', 'Chiapas', '66001', 'Municipio 22', 'Localidad 22', 'Secundaria', 'Matutino');
INSERT INTO CCT (claveCentro, nombre, estado, codigoPostal, municipio, localidad, nivelEducativo, turno) VALUES ('CCT-3699-738', 'Escuela 30', 'Chihuahua', '89088', 'Municipio 24', 'Localidad 6', 'Preescolar', 'Matutino');
INSERT INTO CCT (claveCentro, nombre, estado, codigoPostal, municipio, localidad, nivelEducativo, turno) VALUES ('CCT-9676-419', 'Escuela 13', 'Chihuahua', '62085', 'Municipio 6', 'Localidad 8', 'Secundaria', 'Vespertino');
INSERT INTO CCT (claveCentro, nombre, estado, codigoPostal, municipio, localidad, nivelEducativo, turno) VALUES ('CCT-5241-575', 'Escuela 102', 'Chihuahua', '84758', 'Municipio 4', 'Localidad 17', 'Preescolar', 'Matutino');
INSERT INTO CCT (claveCentro, nombre, estado, codigoPostal, municipio, localidad, nivelEducativo, turno) VALUES ('CCT-2445-462', 'Escuela 26', 'Chihuahua', '93513', 'Municipio 23', 'Localidad 13', 'Primaria', 'Vespertino');
INSERT INTO CCT (claveCentro, nombre, estado, codigoPostal, municipio, localidad, nivelEducativo, turno) VALUES ('CCT-7537-622', 'Escuela 77', 'Chihuahua', '93541', 'Municipio 41', 'Localidad 5', 'Secundaria', 'Vespertino');
INSERT INTO CCT (claveCentro, nombre, estado, codigoPostal, municipio, localidad, nivelEducativo, turno) VALUES ('CCT-6845-339', 'Escuela 98', 'Chihuahua', '10425', 'Municipio 27', 'Localidad 7', 'Preescolar', 'Matutino');
INSERT INTO CCT (claveCentro, nombre, estado, codigoPostal, municipio, localidad, nivelEducativo, turno) VALUES ('CCT-8669-615', 'Escuela 32', 'Chihuahua', '51129', 'Municipio 19', 'Localidad 10', 'Inicial', 'Vespertino');
INSERT INTO CCT (claveCentro, nombre, estado, codigoPostal, municipio, localidad, nivelEducativo, turno) VALUES ('CCT-8358-817', 'Escuela 190', 'Chihuahua', '19166', 'Municipio 50', 'Localidad 19', 'Inicial', 'Vespertino');
INSERT INTO CCT (claveCentro, nombre, estado, codigoPostal, municipio, localidad, nivelEducativo, turno) VALUES ('CCT-1041-293', 'Escuela 176', 'Ciudad de México', '61687', 'Municipio 28', 'Localidad 11', 'Primaria', 'Matutino');
INSERT INTO CCT (claveCentro, nombre, estado, codigoPostal, municipio, localidad, nivelEducativo, turno) VALUES ('CCT-2495-493', 'Escuela 98', 'Ciudad de México', '23232', 'Municipio 22', 'Localidad 8', 'Primaria', 'Vespertino');
INSERT INTO CCT (claveCentro, nombre, estado, codigoPostal, municipio, localidad, nivelEducativo, turno) VALUES ('CCT-1010-970', 'Escuela 26', 'Ciudad de México', '90330', 'Municipio 9', 'Localidad 15', 'Secundaria', 'Vespertino');
INSERT INTO CCT (claveCentro, nombre, estado, codigoPostal, municipio, localidad, nivelEducativo, turno) VALUES ('CCT-2009-999', 'Escuela 198', 'Ciudad de México', '62743', 'Municipio 3', 'Localidad 19', 'Secundaria', 'Matutino');
INSERT INTO CCT (claveCentro, nombre, estado, codigoPostal, municipio, localidad, nivelEducativo, turno) VALUES ('CCT-5738-910', 'Escuela 21', 'Ciudad de México', '19719', 'Municipio 25', 'Localidad 11', 'Secundaria', 'Vespertino');
INSERT INTO CCT (claveCentro, nombre, estado, codigoPostal, municipio, localidad, nivelEducativo, turno) VALUES ('CCT-1885-749', 'Escuela 179', 'Ciudad de México', '56912', 'Municipio 49', 'Localidad 11', 'Primaria', 'Vespertino');
INSERT INTO CCT (claveCentro, nombre, estado, codigoPostal, municipio, localidad, nivelEducativo, turno) VALUES ('CCT-6360-527', 'Escuela 32', 'Ciudad de México', '68456', 'Municipio 17', 'Localidad 5', 'Secundaria', 'Matutino');
INSERT INTO CCT (claveCentro, nombre, estado, codigoPostal, municipio, localidad, nivelEducativo, turno) VALUES ('CCT-9455-790', 'Escuela 50', 'Ciudad de México', '12690', 'Municipio 43', 'Localidad 6', 'Primaria', 'Matutino');
INSERT INTO CCT (claveCentro, nombre, estado, codigoPostal, municipio, localidad, nivelEducativo, turno) VALUES ('CCT-5622-842', 'Escuela 14', 'Coahuila', '98471', 'Municipio 20', 'Localidad 3', 'Primaria', 'Matutino');
INSERT INTO CCT (claveCentro, nombre, estado, codigoPostal, municipio, localidad, nivelEducativo, turno) VALUES ('CCT-6053-103', 'Escuela 115', 'Coahuila', '85689', 'Municipio 33', 'Localidad 20', 'Primaria', 'Matutino');
INSERT INTO CCT (claveCentro, nombre, estado, codigoPostal, municipio, localidad, nivelEducativo, turno) VALUES ('CCT-2995-970', 'Escuela 122', 'Coahuila', '97261', 'Municipio 39', 'Localidad 13', 'Inicial', 'Vespertino');
INSERT INTO CCT (claveCentro, nombre, estado, codigoPostal, municipio, localidad, nivelEducativo, turno) VALUES ('CCT-9632-723', 'Escuela 136', 'Coahuila', '70460', 'Municipio 27', 'Localidad 28', 'Secundaria', 'Vespertino');
INSERT INTO CCT (claveCentro, nombre, estado, codigoPostal, municipio, localidad, nivelEducativo, turno) VALUES ('CCT-9950-719', 'Escuela 164', 'Coahuila', '97360', 'Municipio 7', 'Localidad 1', 'Primaria', 'Vespertino');
INSERT INTO CCT (claveCentro, nombre, estado, codigoPostal, municipio, localidad, nivelEducativo, turno) VALUES ('CCT-6113-725', 'Escuela 170', 'Coahuila', '32606', 'Municipio 26', 'Localidad 23', 'Preescolar', 'Matutino');
INSERT INTO CCT (claveCentro, nombre, estado, codigoPostal, municipio, localidad, nivelEducativo, turno) VALUES ('CCT-4016-768', 'Escuela 123', 'Coahuila', '29791', 'Municipio 23', 'Localidad 16', 'Inicial', 'Matutino');
INSERT INTO CCT (claveCentro, nombre, estado, codigoPostal, municipio, localidad, nivelEducativo, turno) VALUES ('CCT-6390-280', 'Escuela 57', 'Coahuila', '54620', 'Municipio 19', 'Localidad 19', 'Primaria', 'Matutino');
INSERT INTO CCT (claveCentro, nombre, estado, codigoPostal, municipio, localidad, nivelEducativo, turno) VALUES ('CCT-9249-849', 'Escuela 71', 'Colima', '79079', 'Municipio 31', 'Localidad 24', 'Preescolar', 'Matutino');
INSERT INTO CCT (claveCentro, nombre, estado, codigoPostal, municipio, localidad, nivelEducativo, turno) VALUES ('CCT-8892-702', 'Escuela 180', 'Colima', '36862', 'Municipio 2', 'Localidad 28', 'Preescolar', 'Vespertino');
INSERT INTO CCT (claveCentro, nombre, estado, codigoPostal, municipio, localidad, nivelEducativo, turno) VALUES ('CCT-7029-440', 'Escuela 199', 'Colima', '15568', 'Municipio 47', 'Localidad 11', 'Preescolar', 'Matutino');
INSERT INTO CCT (claveCentro, nombre, estado, codigoPostal, municipio, localidad, nivelEducativo, turno) VALUES ('CCT-2804-518', 'Escuela 56', 'Colima', '15471', 'Municipio 11', 'Localidad 24', 'Inicial', 'Matutino');
INSERT INTO CCT (claveCentro, nombre, estado, codigoPostal, municipio, localidad, nivelEducativo, turno) VALUES ('CCT-4479-846', 'Escuela 29', 'Colima', '93766', 'Municipio 29', 'Localidad 27', 'Inicial', 'Matutino');
INSERT INTO CCT (claveCentro, nombre, estado, codigoPostal, municipio, localidad, nivelEducativo, turno) VALUES ('CCT-5809-820', 'Escuela 162', 'Colima', '59554', 'Municipio 2', 'Localidad 5', 'Inicial', 'Matutino');
INSERT INTO CCT (claveCentro, nombre, estado, codigoPostal, municipio, localidad, nivelEducativo, turno) VALUES ('CCT-1076-607', 'Escuela 78', 'Colima', '19544', 'Municipio 20', 'Localidad 20', 'Preescolar', 'Vespertino');
INSERT INTO CCT (claveCentro, nombre, estado, codigoPostal, municipio, localidad, nivelEducativo, turno) VALUES ('CCT-9119-839', 'Escuela 105', 'Colima', '50858', 'Municipio 9', 'Localidad 19', 'Primaria', 'Matutino');
INSERT INTO CCT (claveCentro, nombre, estado, codigoPostal, municipio, localidad, nivelEducativo, turno) VALUES ('CCT-9811-117', 'Escuela 34', 'Durango', '54242', 'Municipio 11', 'Localidad 25', 'Primaria', 'Vespertino');
INSERT INTO CCT (claveCentro, nombre, estado, codigoPostal, municipio, localidad, nivelEducativo, turno) VALUES ('CCT-2451-973', 'Escuela 45', 'Durango', '75558', 'Municipio 37', 'Localidad 26', 'Inicial', 'Matutino');
INSERT INTO CCT (claveCentro, nombre, estado, codigoPostal, municipio, localidad, nivelEducativo, turno) VALUES ('CCT-9281-534', 'Escuela 14', 'Durango', '16535', 'Municipio 6', 'Localidad 10', 'Inicial', 'Vespertino');
INSERT INTO CCT (claveCentro, nombre, estado, codigoPostal, municipio, localidad, nivelEducativo, turno) VALUES ('CCT-5254-553', 'Escuela 195', 'Durango', '88247', 'Municipio 47', 'Localidad 2', 'Secundaria', 'Matutino');
INSERT INTO CCT (claveCentro, nombre, estado, codigoPostal, municipio, localidad, nivelEducativo, turno) VALUES ('CCT-5954-686', 'Escuela 114', 'Durango', '72829', 'Municipio 29', 'Localidad 30', 'Primaria', 'Matutino');
INSERT INTO CCT (claveCentro, nombre, estado, codigoPostal, municipio, localidad, nivelEducativo, turno) VALUES ('CCT-2441-617', 'Escuela 66', 'Durango', '93488', 'Municipio 7', 'Localidad 24', 'Inicial', 'Matutino');
INSERT INTO CCT (claveCentro, nombre, estado, codigoPostal, municipio, localidad, nivelEducativo, turno) VALUES ('CCT-6214-175', 'Escuela 198', 'Durango', '98953', 'Municipio 46', 'Localidad 3', 'Secundaria', 'Vespertino');
INSERT INTO CCT (claveCentro, nombre, estado, codigoPostal, municipio, localidad, nivelEducativo, turno) VALUES ('CCT-2973-409', 'Escuela 133', 'Durango', '95733', 'Municipio 31', 'Localidad 13', 'Primaria', 'Matutino');
INSERT INTO CCT (claveCentro, nombre, estado, codigoPostal, municipio, localidad, nivelEducativo, turno) VALUES ('CCT-7999-659', 'Escuela 11', 'Guanajuato', '56420', 'Municipio 6', 'Localidad 4', 'Inicial', 'Matutino');
INSERT INTO CCT (claveCentro, nombre, estado, codigoPostal, municipio, localidad, nivelEducativo, turno) VALUES ('CCT-8629-544', 'Escuela 76', 'Guanajuato', '20850', 'Municipio 49', 'Localidad 14', 'Preescolar', 'Matutino');
INSERT INTO CCT (claveCentro, nombre, estado, codigoPostal, municipio, localidad, nivelEducativo, turno) VALUES ('CCT-7505-287', 'Escuela 193', 'Guanajuato', '66253', 'Municipio 12', 'Localidad 22', 'Inicial', 'Vespertino');
INSERT INTO CCT (claveCentro, nombre, estado, codigoPostal, municipio, localidad, nivelEducativo, turno) VALUES ('CCT-1086-827', 'Escuela 103', 'Guanajuato', '86076', 'Municipio 20', 'Localidad 21', 'Preescolar', 'Matutino');
INSERT INTO CCT (claveCentro, nombre, estado, codigoPostal, municipio, localidad, nivelEducativo, turno) VALUES ('CCT-6066-320', 'Escuela 154', 'Guanajuato', '58495', 'Municipio 35', 'Localidad 11', 'Preescolar', 'Matutino');
INSERT INTO CCT (claveCentro, nombre, estado, codigoPostal, municipio, localidad, nivelEducativo, turno) VALUES ('CCT-9394-330', 'Escuela 171', 'Guanajuato', '44801', 'Municipio 27', 'Localidad 23', 'Preescolar', 'Matutino');
INSERT INTO CCT (claveCentro, nombre, estado, codigoPostal, municipio, localidad, nivelEducativo, turno) VALUES ('CCT-9693-276', 'Escuela 159', 'Guanajuato', '61679', 'Municipio 46', 'Localidad 11', 'Primaria', 'Matutino');
INSERT INTO CCT (claveCentro, nombre, estado, codigoPostal, municipio, localidad, nivelEducativo, turno) VALUES ('CCT-8053-792', 'Escuela 2', 'Guanajuato', '68392', 'Municipio 26', 'Localidad 19', 'Secundaria', 'Matutino');
INSERT INTO CCT (claveCentro, nombre, estado, codigoPostal, municipio, localidad, nivelEducativo, turno) VALUES ('CCT-4999-614', 'Escuela 193', 'Guerrero', '40552', 'Municipio 20', 'Localidad 13', 'Inicial', 'Vespertino');
INSERT INTO CCT (claveCentro, nombre, estado, codigoPostal, municipio, localidad, nivelEducativo, turno) VALUES ('CCT-8305-992', 'Escuela 18', 'Guerrero', '78344', 'Municipio 37', 'Localidad 20', 'Inicial', 'Matutino');
INSERT INTO CCT (claveCentro, nombre, estado, codigoPostal, municipio, localidad, nivelEducativo, turno) VALUES ('CCT-4210-820', 'Escuela 144', 'Guerrero', '30256', 'Municipio 42', 'Localidad 4', 'Inicial', 'Vespertino');
INSERT INTO CCT (claveCentro, nombre, estado, codigoPostal, municipio, localidad, nivelEducativo, turno) VALUES ('CCT-6974-344', 'Escuela 80', 'Guerrero', '64911', 'Municipio 49', 'Localidad 10', 'Preescolar', 'Vespertino');
INSERT INTO CCT (claveCentro, nombre, estado, codigoPostal, municipio, localidad, nivelEducativo, turno) VALUES ('CCT-3614-948', 'Escuela 29', 'Guerrero', '23732', 'Municipio 16', 'Localidad 25', 'Primaria', 'Matutino');
INSERT INTO CCT (claveCentro, nombre, estado, codigoPostal, municipio, localidad, nivelEducativo, turno) VALUES ('CCT-9710-271', 'Escuela 43', 'Guerrero', '82434', 'Municipio 7', 'Localidad 10', 'Primaria', 'Vespertino');
INSERT INTO CCT (claveCentro, nombre, estado, codigoPostal, municipio, localidad, nivelEducativo, turno) VALUES ('CCT-5174-130', 'Escuela 144', 'Guerrero', '22797', 'Municipio 23', 'Localidad 26', 'Secundaria', 'Vespertino');
INSERT INTO CCT (claveCentro, nombre, estado, codigoPostal, municipio, localidad, nivelEducativo, turno) VALUES ('CCT-1404-333', 'Escuela 121', 'Guerrero', '13198', 'Municipio 25', 'Localidad 16', 'Secundaria', 'Matutino');
INSERT INTO CCT (claveCentro, nombre, estado, codigoPostal, municipio, localidad, nivelEducativo, turno) VALUES ('CCT-3510-864', 'Escuela 190', 'Hidalgo', '92077', 'Municipio 15', 'Localidad 17', 'Primaria', 'Matutino');
INSERT INTO CCT (claveCentro, nombre, estado, codigoPostal, municipio, localidad, nivelEducativo, turno) VALUES ('CCT-2046-669', 'Escuela 198', 'Hidalgo', '32040', 'Municipio 36', 'Localidad 28', 'Preescolar', 'Vespertino');
INSERT INTO CCT (claveCentro, nombre, estado, codigoPostal, municipio, localidad, nivelEducativo, turno) VALUES ('CCT-2030-129', 'Escuela 44', 'Hidalgo', '62877', 'Municipio 26', 'Localidad 4', 'Preescolar', 'Matutino');
INSERT INTO CCT (claveCentro, nombre, estado, codigoPostal, municipio, localidad, nivelEducativo, turno) VALUES ('CCT-2201-217', 'Escuela 120', 'Hidalgo', '26479', 'Municipio 31', 'Localidad 25', 'Primaria', 'Vespertino');
INSERT INTO CCT (claveCentro, nombre, estado, codigoPostal, municipio, localidad, nivelEducativo, turno) VALUES ('CCT-4229-156', 'Escuela 25', 'Hidalgo', '68704', 'Municipio 39', 'Localidad 26', 'Secundaria', 'Matutino');
INSERT INTO CCT (claveCentro, nombre, estado, codigoPostal, municipio, localidad, nivelEducativo, turno) VALUES ('CCT-4880-717', 'Escuela 51', 'Hidalgo', '24739', 'Municipio 44', 'Localidad 12', 'Preescolar', 'Matutino');
INSERT INTO CCT (claveCentro, nombre, estado, codigoPostal, municipio, localidad, nivelEducativo, turno) VALUES ('CCT-7097-992', 'Escuela 84', 'Hidalgo', '14295', 'Municipio 1', 'Localidad 7', 'Secundaria', 'Matutino');
INSERT INTO CCT (claveCentro, nombre, estado, codigoPostal, municipio, localidad, nivelEducativo, turno) VALUES ('CCT-8427-251', 'Escuela 35', 'Hidalgo', '11791', 'Municipio 17', 'Localidad 27', 'Secundaria', 'Matutino');
INSERT INTO CCT (claveCentro, nombre, estado, codigoPostal, municipio, localidad, nivelEducativo, turno) VALUES ('CCT-4383-392', 'Escuela 40', 'Jalisco', '47012', 'Municipio 44', 'Localidad 10', 'Inicial', 'Vespertino');
INSERT INTO CCT (claveCentro, nombre, estado, codigoPostal, municipio, localidad, nivelEducativo, turno) VALUES ('CCT-8778-657', 'Escuela 66', 'Jalisco', '39567', 'Municipio 44', 'Localidad 30', 'Primaria', 'Matutino');
INSERT INTO CCT (claveCentro, nombre, estado, codigoPostal, municipio, localidad, nivelEducativo, turno) VALUES ('CCT-9117-108', 'Escuela 62', 'Jalisco', '55262', 'Municipio 49', 'Localidad 3', 'Secundaria', 'Vespertino');
INSERT INTO CCT (claveCentro, nombre, estado, codigoPostal, municipio, localidad, nivelEducativo, turno) VALUES ('CCT-3710-734', 'Escuela 171', 'Jalisco', '13635', 'Municipio 18', 'Localidad 19', 'Primaria', 'Matutino');
INSERT INTO CCT (claveCentro, nombre, estado, codigoPostal, municipio, localidad, nivelEducativo, turno) VALUES ('CCT-5579-774', 'Escuela 84', 'Jalisco', '20242', 'Municipio 37', 'Localidad 12', 'Primaria', 'Matutino');
INSERT INTO CCT (claveCentro, nombre, estado, codigoPostal, municipio, localidad, nivelEducativo, turno) VALUES ('CCT-6695-574', 'Escuela 39', 'Jalisco', '96413', 'Municipio 18', 'Localidad 3', 'Secundaria', 'Vespertino');
INSERT INTO CCT (claveCentro, nombre, estado, codigoPostal, municipio, localidad, nivelEducativo, turno) VALUES ('CCT-7443-266', 'Escuela 83', 'Jalisco', '27909', 'Municipio 49', 'Localidad 8', 'Preescolar', 'Matutino');
INSERT INTO CCT (claveCentro, nombre, estado, codigoPostal, municipio, localidad, nivelEducativo, turno) VALUES ('CCT-1465-830', 'Escuela 103', 'Jalisco', '46931', 'Municipio 37', 'Localidad 22', 'Inicial', 'Vespertino');
INSERT INTO CCT (claveCentro, nombre, estado, codigoPostal, municipio, localidad, nivelEducativo, turno) VALUES ('CCT-9026-996', 'Escuela 126', 'Estado de México', '70621', 'Municipio 15', 'Localidad 5', 'Preescolar', 'Vespertino');
INSERT INTO CCT (claveCentro, nombre, estado, codigoPostal, municipio, localidad, nivelEducativo, turno) VALUES ('CCT-2128-641', 'Escuela 112', 'Estado de México', '65573', 'Municipio 31', 'Localidad 9', 'Inicial', 'Vespertino');
INSERT INTO CCT (claveCentro, nombre, estado, codigoPostal, municipio, localidad, nivelEducativo, turno) VALUES ('CCT-9212-235', 'Escuela 179', 'Estado de México', '68155', 'Municipio 4', 'Localidad 11', 'Primaria', 'Vespertino');
INSERT INTO CCT (claveCentro, nombre, estado, codigoPostal, municipio, localidad, nivelEducativo, turno) VALUES ('CCT-9823-446', 'Escuela 87', 'Estado de México', '25882', 'Municipio 7', 'Localidad 16', 'Primaria', 'Vespertino');
INSERT INTO CCT (claveCentro, nombre, estado, codigoPostal, municipio, localidad, nivelEducativo, turno) VALUES ('CCT-2673-572', 'Escuela 157', 'Estado de México', '31977', 'Municipio 13', 'Localidad 2', 'Preescolar', 'Vespertino');
INSERT INTO CCT (claveCentro, nombre, estado, codigoPostal, municipio, localidad, nivelEducativo, turno) VALUES ('CCT-4303-883', 'Escuela 129', 'Estado de México', '23560', 'Municipio 14', 'Localidad 2', 'Primaria', 'Vespertino');
INSERT INTO CCT (claveCentro, nombre, estado, codigoPostal, municipio, localidad, nivelEducativo, turno) VALUES ('CCT-8193-363', 'Escuela 182', 'Estado de México', '38177', 'Municipio 26', 'Localidad 26', 'Primaria', 'Vespertino');
INSERT INTO CCT (claveCentro, nombre, estado, codigoPostal, municipio, localidad, nivelEducativo, turno) VALUES ('CCT-7142-451', 'Escuela 30', 'Estado de México', '63699', 'Municipio 32', 'Localidad 23', 'Secundaria', 'Matutino');
INSERT INTO CCT (claveCentro, nombre, estado, codigoPostal, municipio, localidad, nivelEducativo, turno) VALUES ('CCT-6700-816', 'Escuela 16', 'Michoacán', '71806', 'Municipio 14', 'Localidad 3', 'Preescolar', 'Matutino');
INSERT INTO CCT (claveCentro, nombre, estado, codigoPostal, municipio, localidad, nivelEducativo, turno) VALUES ('CCT-6061-848', 'Escuela 6', 'Michoacán', '91133', 'Municipio 15', 'Localidad 24', 'Primaria', 'Vespertino');
INSERT INTO CCT (claveCentro, nombre, estado, codigoPostal, municipio, localidad, nivelEducativo, turno) VALUES ('CCT-5159-550', 'Escuela 100', 'Michoacán', '36116', 'Municipio 34', 'Localidad 17', 'Inicial', 'Vespertino');
INSERT INTO CCT (claveCentro, nombre, estado, codigoPostal, municipio, localidad, nivelEducativo, turno) VALUES ('CCT-9480-309', 'Escuela 178', 'Michoacán', '33998', 'Municipio 8', 'Localidad 8', 'Primaria', 'Matutino');
INSERT INTO CCT (claveCentro, nombre, estado, codigoPostal, municipio, localidad, nivelEducativo, turno) VALUES ('CCT-9481-343', 'Escuela 58', 'Michoacán', '56107', 'Municipio 38', 'Localidad 29', 'Secundaria', 'Vespertino');
INSERT INTO CCT (claveCentro, nombre, estado, codigoPostal, municipio, localidad, nivelEducativo, turno) VALUES ('CCT-3504-860', 'Escuela 36', 'Michoacán', '46251', 'Municipio 25', 'Localidad 24', 'Inicial', 'Matutino');
INSERT INTO CCT (claveCentro, nombre, estado, codigoPostal, municipio, localidad, nivelEducativo, turno) VALUES ('CCT-7138-235', 'Escuela 98', 'Michoacán', '54704', 'Municipio 49', 'Localidad 6', 'Inicial', 'Vespertino');
INSERT INTO CCT (claveCentro, nombre, estado, codigoPostal, municipio, localidad, nivelEducativo, turno) VALUES ('CCT-2558-762', 'Escuela 197', 'Michoacán', '61809', 'Municipio 37', 'Localidad 23', 'Primaria', 'Vespertino');
INSERT INTO CCT (claveCentro, nombre, estado, codigoPostal, municipio, localidad, nivelEducativo, turno) VALUES ('CCT-6142-649', 'Escuela 36', 'Morelos', '49379', 'Municipio 8', 'Localidad 7', 'Secundaria', 'Vespertino');
INSERT INTO CCT (claveCentro, nombre, estado, codigoPostal, municipio, localidad, nivelEducativo, turno) VALUES ('CCT-6750-931', 'Escuela 36', 'Morelos', '31931', 'Municipio 29', 'Localidad 16', 'Primaria', 'Matutino');
INSERT INTO CCT (claveCentro, nombre, estado, codigoPostal, municipio, localidad, nivelEducativo, turno) VALUES ('CCT-4298-855', 'Escuela 178', 'Morelos', '82352', 'Municipio 6', 'Localidad 2', 'Inicial', 'Vespertino');
INSERT INTO CCT (claveCentro, nombre, estado, codigoPostal, municipio, localidad, nivelEducativo, turno) VALUES ('CCT-5619-566', 'Escuela 114', 'Morelos', '55531', 'Municipio 25', 'Localidad 8', 'Secundaria', 'Matutino');
INSERT INTO CCT (claveCentro, nombre, estado, codigoPostal, municipio, localidad, nivelEducativo, turno) VALUES ('CCT-8496-392', 'Escuela 134', 'Morelos', '69965', 'Municipio 24', 'Localidad 27', 'Inicial', 'Vespertino');
INSERT INTO CCT (claveCentro, nombre, estado, codigoPostal, municipio, localidad, nivelEducativo, turno) VALUES ('CCT-9853-405', 'Escuela 27', 'Morelos', '37873', 'Municipio 16', 'Localidad 17', 'Primaria', 'Vespertino');
INSERT INTO CCT (claveCentro, nombre, estado, codigoPostal, municipio, localidad, nivelEducativo, turno) VALUES ('CCT-4959-157', 'Escuela 132', 'Morelos', '83551', 'Municipio 22', 'Localidad 3', 'Secundaria', 'Vespertino');
INSERT INTO CCT (claveCentro, nombre, estado, codigoPostal, municipio, localidad, nivelEducativo, turno) VALUES ('CCT-9217-267', 'Escuela 138', 'Morelos', '73305', 'Municipio 38', 'Localidad 5', 'Preescolar', 'Matutino');
INSERT INTO CCT (claveCentro, nombre, estado, codigoPostal, municipio, localidad, nivelEducativo, turno) VALUES ('CCT-7828-732', 'Escuela 25', 'Nayarit', '26725', 'Municipio 4', 'Localidad 28', 'Secundaria', 'Matutino');
INSERT INTO CCT (claveCentro, nombre, estado, codigoPostal, municipio, localidad, nivelEducativo, turno) VALUES ('CCT-2968-920', 'Escuela 74', 'Nayarit', '63649', 'Municipio 7', 'Localidad 24', 'Preescolar', 'Matutino');
INSERT INTO CCT (claveCentro, nombre, estado, codigoPostal, municipio, localidad, nivelEducativo, turno) VALUES ('CCT-2334-880', 'Escuela 174', 'Nayarit', '84189', 'Municipio 27', 'Localidad 26', 'Secundaria', 'Vespertino');
INSERT INTO CCT (claveCentro, nombre, estado, codigoPostal, municipio, localidad, nivelEducativo, turno) VALUES ('CCT-7405-366', 'Escuela 142', 'Nayarit', '76183', 'Municipio 27', 'Localidad 2', 'Secundaria', 'Vespertino');
INSERT INTO CCT (claveCentro, nombre, estado, codigoPostal, municipio, localidad, nivelEducativo, turno) VALUES ('CCT-9940-437', 'Escuela 13', 'Nayarit', '38222', 'Municipio 48', 'Localidad 16', 'Inicial', 'Vespertino');
INSERT INTO CCT (claveCentro, nombre, estado, codigoPostal, municipio, localidad, nivelEducativo, turno) VALUES ('CCT-2427-488', 'Escuela 135', 'Nayarit', '23064', 'Municipio 15', 'Localidad 17', 'Inicial', 'Matutino');
INSERT INTO CCT (claveCentro, nombre, estado, codigoPostal, municipio, localidad, nivelEducativo, turno) VALUES ('CCT-2704-796', 'Escuela 148', 'Nayarit', '26621', 'Municipio 16', 'Localidad 21', 'Secundaria', 'Vespertino');
INSERT INTO CCT (claveCentro, nombre, estado, codigoPostal, municipio, localidad, nivelEducativo, turno) VALUES ('CCT-5917-710', 'Escuela 168', 'Nayarit', '64850', 'Municipio 15', 'Localidad 3', 'Secundaria', 'Vespertino');
INSERT INTO CCT (claveCentro, nombre, estado, codigoPostal, municipio, localidad, nivelEducativo, turno) VALUES ('CCT-1983-958', 'Escuela 96', 'Nuevo León', '75645', 'Municipio 16', 'Localidad 22', 'Secundaria', 'Matutino');
INSERT INTO CCT (claveCentro, nombre, estado, codigoPostal, municipio, localidad, nivelEducativo, turno) VALUES ('CCT-2199-546', 'Escuela 116', 'Nuevo León', '11988', 'Municipio 43', 'Localidad 24', 'Secundaria', 'Vespertino');
INSERT INTO CCT (claveCentro, nombre, estado, codigoPostal, municipio, localidad, nivelEducativo, turno) VALUES ('CCT-3414-203', 'Escuela 154', 'Nuevo León', '56015', 'Municipio 29', 'Localidad 5', 'Primaria', 'Matutino');
INSERT INTO CCT (claveCentro, nombre, estado, codigoPostal, municipio, localidad, nivelEducativo, turno) VALUES ('CCT-3670-553', 'Escuela 43', 'Nuevo León', '51361', 'Municipio 29', 'Localidad 17', 'Secundaria', 'Matutino');
INSERT INTO CCT (claveCentro, nombre, estado, codigoPostal, municipio, localidad, nivelEducativo, turno) VALUES ('CCT-1006-508', 'Escuela 70', 'Nuevo León', '29731', 'Municipio 28', 'Localidad 16', 'Inicial', 'Vespertino');
INSERT INTO CCT (claveCentro, nombre, estado, codigoPostal, municipio, localidad, nivelEducativo, turno) VALUES ('CCT-2383-139', 'Escuela 14', 'Nuevo León', '35023', 'Municipio 5', 'Localidad 26', 'Secundaria', 'Vespertino');
INSERT INTO CCT (claveCentro, nombre, estado, codigoPostal, municipio, localidad, nivelEducativo, turno) VALUES ('CCT-5415-623', 'Escuela 4', 'Nuevo León', '86321', 'Municipio 4', 'Localidad 27', 'Preescolar', 'Matutino');
INSERT INTO CCT (claveCentro, nombre, estado, codigoPostal, municipio, localidad, nivelEducativo, turno) VALUES ('CCT-8535-254', 'Escuela 53', 'Nuevo León', '91346', 'Municipio 39', 'Localidad 29', 'Inicial', 'Matutino');
INSERT INTO CCT (claveCentro, nombre, estado, codigoPostal, municipio, localidad, nivelEducativo, turno) VALUES ('CCT-3541-663', 'Escuela 80', 'Oaxaca', '81366', 'Municipio 40', 'Localidad 16', 'Inicial', 'Matutino');
INSERT INTO CCT (claveCentro, nombre, estado, codigoPostal, municipio, localidad, nivelEducativo, turno) VALUES ('CCT-3110-190', 'Escuela 195', 'Oaxaca', '29261', 'Municipio 37', 'Localidad 11', 'Preescolar', 'Matutino');
INSERT INTO CCT (claveCentro, nombre, estado, codigoPostal, municipio, localidad, nivelEducativo, turno) VALUES ('CCT-9890-929', 'Escuela 30', 'Oaxaca', '75220', 'Municipio 48', 'Localidad 16', 'Inicial', 'Vespertino');
INSERT INTO CCT (claveCentro, nombre, estado, codigoPostal, municipio, localidad, nivelEducativo, turno) VALUES ('CCT-3502-888', 'Escuela 198', 'Oaxaca', '28984', 'Municipio 33', 'Localidad 13', 'Primaria', 'Vespertino');
INSERT INTO CCT (claveCentro, nombre, estado, codigoPostal, municipio, localidad, nivelEducativo, turno) VALUES ('CCT-2063-595', 'Escuela 53', 'Oaxaca', '17448', 'Municipio 32', 'Localidad 1', 'Preescolar', 'Vespertino');
INSERT INTO CCT (claveCentro, nombre, estado, codigoPostal, municipio, localidad, nivelEducativo, turno) VALUES ('CCT-6727-347', 'Escuela 26', 'Oaxaca', '83407', 'Municipio 31', 'Localidad 20', 'Secundaria', 'Vespertino');
INSERT INTO CCT (claveCentro, nombre, estado, codigoPostal, municipio, localidad, nivelEducativo, turno) VALUES ('CCT-1441-435', 'Escuela 113', 'Oaxaca', '86121', 'Municipio 21', 'Localidad 5', 'Secundaria', 'Matutino');
INSERT INTO CCT (claveCentro, nombre, estado, codigoPostal, municipio, localidad, nivelEducativo, turno) VALUES ('CCT-8660-156', 'Escuela 191', 'Oaxaca', '59372', 'Municipio 50', 'Localidad 28', 'Primaria', 'Matutino');
INSERT INTO CCT (claveCentro, nombre, estado, codigoPostal, municipio, localidad, nivelEducativo, turno) VALUES ('CCT-5039-604', 'Escuela 27', 'Puebla', '75006', 'Municipio 27', 'Localidad 17', 'Primaria', 'Vespertino');
INSERT INTO CCT (claveCentro, nombre, estado, codigoPostal, municipio, localidad, nivelEducativo, turno) VALUES ('CCT-9934-356', 'Escuela 118', 'Puebla', '95137', 'Municipio 31', 'Localidad 11', 'Inicial', 'Matutino');
INSERT INTO CCT (claveCentro, nombre, estado, codigoPostal, municipio, localidad, nivelEducativo, turno) VALUES ('CCT-8030-354', 'Escuela 166', 'Puebla', '70282', 'Municipio 33', 'Localidad 11', 'Secundaria', 'Vespertino');
INSERT INTO CCT (claveCentro, nombre, estado, codigoPostal, municipio, localidad, nivelEducativo, turno) VALUES ('CCT-4472-807', 'Escuela 126', 'Puebla', '27026', 'Municipio 32', 'Localidad 28', 'Secundaria', 'Matutino');
INSERT INTO CCT (claveCentro, nombre, estado, codigoPostal, municipio, localidad, nivelEducativo, turno) VALUES ('CCT-8986-800', 'Escuela 132', 'Puebla', '95517', 'Municipio 4', 'Localidad 16', 'Secundaria', 'Matutino');
INSERT INTO CCT (claveCentro, nombre, estado, codigoPostal, municipio, localidad, nivelEducativo, turno) VALUES ('CCT-9078-242', 'Escuela 116', 'Puebla', '72851', 'Municipio 34', 'Localidad 1', 'Inicial', 'Vespertino');
INSERT INTO CCT (claveCentro, nombre, estado, codigoPostal, municipio, localidad, nivelEducativo, turno) VALUES ('CCT-7908-352', 'Escuela 45', 'Puebla', '30636', 'Municipio 20', 'Localidad 11', 'Secundaria', 'Matutino');
INSERT INTO CCT (claveCentro, nombre, estado, codigoPostal, municipio, localidad, nivelEducativo, turno) VALUES ('CCT-1519-434', 'Escuela 175', 'Puebla', '46009', 'Municipio 23', 'Localidad 10', 'Primaria', 'Matutino');
INSERT INTO CCT (claveCentro, nombre, estado, codigoPostal, municipio, localidad, nivelEducativo, turno) VALUES ('CCT-6857-664', 'Escuela 157', 'Querétaro', '40157', 'Municipio 7', 'Localidad 8', 'Preescolar', 'Vespertino');
INSERT INTO CCT (claveCentro, nombre, estado, codigoPostal, municipio, localidad, nivelEducativo, turno) VALUES ('CCT-2117-210', 'Escuela 170', 'Querétaro', '67166', 'Municipio 26', 'Localidad 22', 'Secundaria', 'Matutino');
INSERT INTO CCT (claveCentro, nombre, estado, codigoPostal, municipio, localidad, nivelEducativo, turno) VALUES ('CCT-2897-696', 'Escuela 81', 'Querétaro', '15361', 'Municipio 39', 'Localidad 8', 'Primaria', 'Vespertino');
INSERT INTO CCT (claveCentro, nombre, estado, codigoPostal, municipio, localidad, nivelEducativo, turno) VALUES ('CCT-3733-462', 'Escuela 84', 'Querétaro', '85866', 'Municipio 14', 'Localidad 18', 'Preescolar', 'Matutino');
INSERT INTO CCT (claveCentro, nombre, estado, codigoPostal, municipio, localidad, nivelEducativo, turno) VALUES ('CCT-6598-937', 'Escuela 57', 'Querétaro', '32997', 'Municipio 19', 'Localidad 13', 'Primaria', 'Vespertino');
INSERT INTO CCT (claveCentro, nombre, estado, codigoPostal, municipio, localidad, nivelEducativo, turno) VALUES ('CCT-5260-552', 'Escuela 142', 'Querétaro', '11437', 'Municipio 38', 'Localidad 15', 'Primaria', 'Matutino');
INSERT INTO CCT (claveCentro, nombre, estado, codigoPostal, municipio, localidad, nivelEducativo, turno) VALUES ('CCT-9815-757', 'Escuela 156', 'Querétaro', '93576', 'Municipio 5', 'Localidad 28', 'Primaria', 'Matutino');
INSERT INTO CCT (claveCentro, nombre, estado, codigoPostal, municipio, localidad, nivelEducativo, turno) VALUES ('CCT-8570-926', 'Escuela 148', 'Querétaro', '85148', 'Municipio 6', 'Localidad 11', 'Inicial', 'Vespertino');
INSERT INTO CCT (claveCentro, nombre, estado, codigoPostal, municipio, localidad, nivelEducativo, turno) VALUES ('CCT-1147-363', 'Escuela 197', 'Quintana Roo', '95058', 'Municipio 9', 'Localidad 22', 'Inicial', 'Matutino');
INSERT INTO CCT (claveCentro, nombre, estado, codigoPostal, municipio, localidad, nivelEducativo, turno) VALUES ('CCT-4638-904', 'Escuela 188', 'Quintana Roo', '94627', 'Municipio 41', 'Localidad 19', 'Primaria', 'Vespertino');
INSERT INTO CCT (claveCentro, nombre, estado, codigoPostal, municipio, localidad, nivelEducativo, turno) VALUES ('CCT-9237-936', 'Escuela 30', 'Quintana Roo', '39296', 'Municipio 2', 'Localidad 4', 'Secundaria', 'Matutino');
INSERT INTO CCT (claveCentro, nombre, estado, codigoPostal, municipio, localidad, nivelEducativo, turno) VALUES ('CCT-4299-582', 'Escuela 33', 'Quintana Roo', '89895', 'Municipio 24', 'Localidad 5', 'Preescolar', 'Vespertino');
INSERT INTO CCT (claveCentro, nombre, estado, codigoPostal, municipio, localidad, nivelEducativo, turno) VALUES ('CCT-5180-310', 'Escuela 101', 'Quintana Roo', '69072', 'Municipio 5', 'Localidad 7', 'Secundaria', 'Matutino');
INSERT INTO CCT (claveCentro, nombre, estado, codigoPostal, municipio, localidad, nivelEducativo, turno) VALUES ('CCT-7904-723', 'Escuela 14', 'Quintana Roo', '65958', 'Municipio 49', 'Localidad 20', 'Secundaria', 'Matutino');
INSERT INTO CCT (claveCentro, nombre, estado, codigoPostal, municipio, localidad, nivelEducativo, turno) VALUES ('CCT-3769-550', 'Escuela 9', 'Quintana Roo', '66447', 'Municipio 47', 'Localidad 1', 'Primaria', 'Matutino');
INSERT INTO CCT (claveCentro, nombre, estado, codigoPostal, municipio, localidad, nivelEducativo, turno) VALUES ('CCT-9119-521', 'Escuela 175', 'Quintana Roo', '50329', 'Municipio 41', 'Localidad 13', 'Inicial', 'Matutino');
INSERT INTO CCT (claveCentro, nombre, estado, codigoPostal, municipio, localidad, nivelEducativo, turno) VALUES ('CCT-5773-687', 'Escuela 29', 'San Luis Potosí', '74102', 'Municipio 33', 'Localidad 22', 'Primaria', 'Matutino');
INSERT INTO CCT (claveCentro, nombre, estado, codigoPostal, municipio, localidad, nivelEducativo, turno) VALUES ('CCT-1631-450', 'Escuela 74', 'San Luis Potosí', '81261', 'Municipio 36', 'Localidad 23', 'Inicial', 'Vespertino');
INSERT INTO CCT (claveCentro, nombre, estado, codigoPostal, municipio, localidad, nivelEducativo, turno) VALUES ('CCT-4743-729', 'Escuela 9', 'San Luis Potosí', '30957', 'Municipio 12', 'Localidad 16', 'Primaria', 'Vespertino');
INSERT INTO CCT (claveCentro, nombre, estado, codigoPostal, municipio, localidad, nivelEducativo, turno) VALUES ('CCT-8489-345', 'Escuela 81', 'San Luis Potosí', '16696', 'Municipio 50', 'Localidad 9', 'Primaria', 'Vespertino');
INSERT INTO CCT (claveCentro, nombre, estado, codigoPostal, municipio, localidad, nivelEducativo, turno) VALUES ('CCT-7468-235', 'Escuela 184', 'San Luis Potosí', '93082', 'Municipio 7', 'Localidad 8', 'Secundaria', 'Vespertino');
INSERT INTO CCT (claveCentro, nombre, estado, codigoPostal, municipio, localidad, nivelEducativo, turno) VALUES ('CCT-7073-450', 'Escuela 190', 'San Luis Potosí', '76953', 'Municipio 47', 'Localidad 9', 'Primaria', 'Matutino');
INSERT INTO CCT (claveCentro, nombre, estado, codigoPostal, municipio, localidad, nivelEducativo, turno) VALUES ('CCT-9572-338', 'Escuela 68', 'San Luis Potosí', '80393', 'Municipio 49', 'Localidad 2', 'Secundaria', 'Vespertino');
INSERT INTO CCT (claveCentro, nombre, estado, codigoPostal, municipio, localidad, nivelEducativo, turno) VALUES ('CCT-5546-236', 'Escuela 94', 'San Luis Potosí', '91573', 'Municipio 37', 'Localidad 11', 'Preescolar', 'Matutino');
INSERT INTO CCT (claveCentro, nombre, estado, codigoPostal, municipio, localidad, nivelEducativo, turno) VALUES ('CCT-7542-487', 'Escuela 180', 'Sinaloa', '93831', 'Municipio 40', 'Localidad 3', 'Inicial', 'Matutino');
INSERT INTO CCT (claveCentro, nombre, estado, codigoPostal, municipio, localidad, nivelEducativo, turno) VALUES ('CCT-3234-911', 'Escuela 75', 'Sinaloa', '18952', 'Municipio 44', 'Localidad 15', 'Inicial', 'Matutino');
INSERT INTO CCT (claveCentro, nombre, estado, codigoPostal, municipio, localidad, nivelEducativo, turno) VALUES ('CCT-9792-421', 'Escuela 52', 'Sinaloa', '74848', 'Municipio 2', 'Localidad 20', 'Preescolar', 'Matutino');
INSERT INTO CCT (claveCentro, nombre, estado, codigoPostal, municipio, localidad, nivelEducativo, turno) VALUES ('CCT-9987-848', 'Escuela 198', 'Sinaloa', '45761', 'Municipio 28', 'Localidad 11', 'Inicial', 'Vespertino');
INSERT INTO CCT (claveCentro, nombre, estado, codigoPostal, municipio, localidad, nivelEducativo, turno) VALUES ('CCT-8489-144', 'Escuela 44', 'Sinaloa', '13165', 'Municipio 3', 'Localidad 26', 'Preescolar', 'Matutino');
INSERT INTO CCT (claveCentro, nombre, estado, codigoPostal, municipio, localidad, nivelEducativo, turno) VALUES ('CCT-4705-270', 'Escuela 58', 'Sinaloa', '85473', 'Municipio 2', 'Localidad 27', 'Secundaria', 'Vespertino');
INSERT INTO CCT (claveCentro, nombre, estado, codigoPostal, municipio, localidad, nivelEducativo, turno) VALUES ('CCT-7538-869', 'Escuela 28', 'Sinaloa', '30260', 'Municipio 24', 'Localidad 30', 'Secundaria', 'Matutino');
INSERT INTO CCT (claveCentro, nombre, estado, codigoPostal, municipio, localidad, nivelEducativo, turno) VALUES ('CCT-2131-890', 'Escuela 34', 'Sinaloa', '97005', 'Municipio 20', 'Localidad 15', 'Primaria', 'Matutino');
INSERT INTO CCT (claveCentro, nombre, estado, codigoPostal, municipio, localidad, nivelEducativo, turno) VALUES ('CCT-9341-400', 'Escuela 75', 'Sonora', '42641', 'Municipio 35', 'Localidad 30', 'Secundaria', 'Matutino');
INSERT INTO CCT (claveCentro, nombre, estado, codigoPostal, municipio, localidad, nivelEducativo, turno) VALUES ('CCT-4355-683', 'Escuela 77', 'Sonora', '13373', 'Municipio 12', 'Localidad 10', 'Preescolar', 'Matutino');
INSERT INTO CCT (claveCentro, nombre, estado, codigoPostal, municipio, localidad, nivelEducativo, turno) VALUES ('CCT-7137-598', 'Escuela 41', 'Sonora', '51963', 'Municipio 4', 'Localidad 14', 'Preescolar', 'Vespertino');
INSERT INTO CCT (claveCentro, nombre, estado, codigoPostal, municipio, localidad, nivelEducativo, turno) VALUES ('CCT-2692-128', 'Escuela 135', 'Sonora', '65596', 'Municipio 29', 'Localidad 6', 'Inicial', 'Matutino');
INSERT INTO CCT (claveCentro, nombre, estado, codigoPostal, municipio, localidad, nivelEducativo, turno) VALUES ('CCT-6824-440', 'Escuela 57', 'Sonora', '93758', 'Municipio 26', 'Localidad 20', 'Secundaria', 'Matutino');
INSERT INTO CCT (claveCentro, nombre, estado, codigoPostal, municipio, localidad, nivelEducativo, turno) VALUES ('CCT-7288-168', 'Escuela 44', 'Sonora', '89628', 'Municipio 1', 'Localidad 5', 'Preescolar', 'Vespertino');
INSERT INTO CCT (claveCentro, nombre, estado, codigoPostal, municipio, localidad, nivelEducativo, turno) VALUES ('CCT-8176-114', 'Escuela 156', 'Sonora', '72520', 'Municipio 35', 'Localidad 30', 'Preescolar', 'Vespertino');
INSERT INTO CCT (claveCentro, nombre, estado, codigoPostal, municipio, localidad, nivelEducativo, turno) VALUES ('CCT-3403-381', 'Escuela 196', 'Sonora', '96576', 'Municipio 35', 'Localidad 20', 'Inicial', 'Vespertino');
INSERT INTO CCT (claveCentro, nombre, estado, codigoPostal, municipio, localidad, nivelEducativo, turno) VALUES ('CCT-2814-554', 'Escuela 126', 'Tabasco', '76448', 'Municipio 5', 'Localidad 22', 'Primaria', 'Matutino');
INSERT INTO CCT (claveCentro, nombre, estado, codigoPostal, municipio, localidad, nivelEducativo, turno) VALUES ('CCT-2286-100', 'Escuela 166', 'Tabasco', '17124', 'Municipio 24', 'Localidad 25', 'Secundaria', 'Matutino');
INSERT INTO CCT (claveCentro, nombre, estado, codigoPostal, municipio, localidad, nivelEducativo, turno) VALUES ('CCT-8633-860', 'Escuela 118', 'Tabasco', '42860', 'Municipio 20', 'Localidad 11', 'Preescolar', 'Matutino');
INSERT INTO CCT (claveCentro, nombre, estado, codigoPostal, municipio, localidad, nivelEducativo, turno) VALUES ('CCT-5708-923', 'Escuela 120', 'Tabasco', '38033', 'Municipio 3', 'Localidad 8', 'Preescolar', 'Matutino');
INSERT INTO CCT (claveCentro, nombre, estado, codigoPostal, municipio, localidad, nivelEducativo, turno) VALUES ('CCT-4485-643', 'Escuela 142', 'Tabasco', '62254', 'Municipio 12', 'Localidad 10', 'Inicial', 'Vespertino');
INSERT INTO CCT (claveCentro, nombre, estado, codigoPostal, municipio, localidad, nivelEducativo, turno) VALUES ('CCT-5546-886', 'Escuela 25', 'Tabasco', '38179', 'Municipio 12', 'Localidad 6', 'Inicial', 'Vespertino');
INSERT INTO CCT (claveCentro, nombre, estado, codigoPostal, municipio, localidad, nivelEducativo, turno) VALUES ('CCT-1067-112', 'Escuela 99', 'Tabasco', '87909', 'Municipio 39', 'Localidad 11', 'Primaria', 'Vespertino');
INSERT INTO CCT (claveCentro, nombre, estado, codigoPostal, municipio, localidad, nivelEducativo, turno) VALUES ('CCT-3581-824', 'Escuela 168', 'Tabasco', '17797', 'Municipio 18', 'Localidad 7', 'Secundaria', 'Matutino');
INSERT INTO CCT (claveCentro, nombre, estado, codigoPostal, municipio, localidad, nivelEducativo, turno) VALUES ('CCT-3094-948', 'Escuela 11', 'Tamaulipas', '22093', 'Municipio 45', 'Localidad 18', 'Primaria', 'Matutino');
INSERT INTO CCT (claveCentro, nombre, estado, codigoPostal, municipio, localidad, nivelEducativo, turno) VALUES ('CCT-6775-495', 'Escuela 96', 'Tamaulipas', '77661', 'Municipio 47', 'Localidad 2', 'Preescolar', 'Matutino');
INSERT INTO CCT (claveCentro, nombre, estado, codigoPostal, municipio, localidad, nivelEducativo, turno) VALUES ('CCT-6404-196', 'Escuela 170', 'Tamaulipas', '77061', 'Municipio 18', 'Localidad 9', 'Primaria', 'Matutino');
INSERT INTO CCT (claveCentro, nombre, estado, codigoPostal, municipio, localidad, nivelEducativo, turno) VALUES ('CCT-5241-832', 'Escuela 188', 'Tamaulipas', '11573', 'Municipio 36', 'Localidad 7', 'Preescolar', 'Matutino');
INSERT INTO CCT (claveCentro, nombre, estado, codigoPostal, municipio, localidad, nivelEducativo, turno) VALUES ('CCT-1558-997', 'Escuela 165', 'Tamaulipas', '35490', 'Municipio 16', 'Localidad 21', 'Primaria', 'Matutino');
INSERT INTO CCT (claveCentro, nombre, estado, codigoPostal, municipio, localidad, nivelEducativo, turno) VALUES ('CCT-3673-449', 'Escuela 116', 'Tamaulipas', '95908', 'Municipio 29', 'Localidad 18', 'Preescolar', 'Matutino');
INSERT INTO CCT (claveCentro, nombre, estado, codigoPostal, municipio, localidad, nivelEducativo, turno) VALUES ('CCT-5552-702', 'Escuela 200', 'Tamaulipas', '96306', 'Municipio 19', 'Localidad 11', 'Primaria', 'Matutino');
INSERT INTO CCT (claveCentro, nombre, estado, codigoPostal, municipio, localidad, nivelEducativo, turno) VALUES ('CCT-4496-839', 'Escuela 117', 'Tamaulipas', '13611', 'Municipio 22', 'Localidad 6', 'Secundaria', 'Vespertino');
INSERT INTO CCT (claveCentro, nombre, estado, codigoPostal, municipio, localidad, nivelEducativo, turno) VALUES ('CCT-9685-281', 'Escuela 94', 'Tlaxcala', '83419', 'Municipio 37', 'Localidad 22', 'Preescolar', 'Matutino');
INSERT INTO CCT (claveCentro, nombre, estado, codigoPostal, municipio, localidad, nivelEducativo, turno) VALUES ('CCT-9107-174', 'Escuela 169', 'Tlaxcala', '76378', 'Municipio 9', 'Localidad 21', 'Preescolar', 'Vespertino');
INSERT INTO CCT (claveCentro, nombre, estado, codigoPostal, municipio, localidad, nivelEducativo, turno) VALUES ('CCT-9089-808', 'Escuela 139', 'Tlaxcala', '18722', 'Municipio 23', 'Localidad 11', 'Preescolar', 'Matutino');
INSERT INTO CCT (claveCentro, nombre, estado, codigoPostal, municipio, localidad, nivelEducativo, turno) VALUES ('CCT-3232-725', 'Escuela 57', 'Tlaxcala', '30924', 'Municipio 26', 'Localidad 12', 'Primaria', 'Matutino');
INSERT INTO CCT (claveCentro, nombre, estado, codigoPostal, municipio, localidad, nivelEducativo, turno) VALUES ('CCT-2905-945', 'Escuela 168', 'Tlaxcala', '46441', 'Municipio 2', 'Localidad 18', 'Inicial', 'Vespertino');
INSERT INTO CCT (claveCentro, nombre, estado, codigoPostal, municipio, localidad, nivelEducativo, turno) VALUES ('CCT-1156-923', 'Escuela 73', 'Tlaxcala', '16005', 'Municipio 11', 'Localidad 23', 'Secundaria', 'Matutino');
INSERT INTO CCT (claveCentro, nombre, estado, codigoPostal, municipio, localidad, nivelEducativo, turno) VALUES ('CCT-7078-459', 'Escuela 173', 'Tlaxcala', '99053', 'Municipio 27', 'Localidad 24', 'Secundaria', 'Matutino');
INSERT INTO CCT (claveCentro, nombre, estado, codigoPostal, municipio, localidad, nivelEducativo, turno) VALUES ('CCT-4907-719', 'Escuela 196', 'Tlaxcala', '65109', 'Municipio 24', 'Localidad 15', 'Primaria', 'Matutino');
INSERT INTO CCT (claveCentro, nombre, estado, codigoPostal, municipio, localidad, nivelEducativo, turno) VALUES ('CCT-5320-861', 'Escuela 48', 'Veracruz', '91746', 'Municipio 35', 'Localidad 19', 'Inicial', 'Matutino');
INSERT INTO CCT (claveCentro, nombre, estado, codigoPostal, municipio, localidad, nivelEducativo, turno) VALUES ('CCT-5775-293', 'Escuela 193', 'Veracruz', '49484', 'Municipio 45', 'Localidad 13', 'Preescolar', 'Vespertino');
INSERT INTO CCT (claveCentro, nombre, estado, codigoPostal, municipio, localidad, nivelEducativo, turno) VALUES ('CCT-4221-252', 'Escuela 174', 'Veracruz', '46903', 'Municipio 2', 'Localidad 19', 'Inicial', 'Vespertino');
INSERT INTO CCT (claveCentro, nombre, estado, codigoPostal, municipio, localidad, nivelEducativo, turno) VALUES ('CCT-2990-357', 'Escuela 200', 'Veracruz', '92029', 'Municipio 8', 'Localidad 4', 'Secundaria', 'Matutino');
INSERT INTO CCT (claveCentro, nombre, estado, codigoPostal, municipio, localidad, nivelEducativo, turno) VALUES ('CCT-4329-103', 'Escuela 155', 'Veracruz', '86249', 'Municipio 48', 'Localidad 7', 'Preescolar', 'Vespertino');
INSERT INTO CCT (claveCentro, nombre, estado, codigoPostal, municipio, localidad, nivelEducativo, turno) VALUES ('CCT-4290-794', 'Escuela 131', 'Veracruz', '44625', 'Municipio 18', 'Localidad 3', 'Primaria', 'Vespertino');
INSERT INTO CCT (claveCentro, nombre, estado, codigoPostal, municipio, localidad, nivelEducativo, turno) VALUES ('CCT-4541-258', 'Escuela 3', 'Veracruz', '82809', 'Municipio 20', 'Localidad 2', 'Inicial', 'Matutino');
INSERT INTO CCT (claveCentro, nombre, estado, codigoPostal, municipio, localidad, nivelEducativo, turno) VALUES ('CCT-3798-633', 'Escuela 180', 'Veracruz', '61535', 'Municipio 1', 'Localidad 13', 'Inicial', 'Vespertino');
INSERT INTO CCT (claveCentro, nombre, estado, codigoPostal, municipio, localidad, nivelEducativo, turno) VALUES ('CCT-2593-366', 'Escuela 64', 'Yucatán', '94160', 'Municipio 5', 'Localidad 14', 'Preescolar', 'Vespertino');
INSERT INTO CCT (claveCentro, nombre, estado, codigoPostal, municipio, localidad, nivelEducativo, turno) VALUES ('CCT-8105-320', 'Escuela 31', 'Yucatán', '20256', 'Municipio 23', 'Localidad 28', 'Preescolar', 'Vespertino');
INSERT INTO CCT (claveCentro, nombre, estado, codigoPostal, municipio, localidad, nivelEducativo, turno) VALUES ('CCT-8781-715', 'Escuela 7', 'Yucatán', '18265', 'Municipio 47', 'Localidad 8', 'Secundaria', 'Matutino');
INSERT INTO CCT (claveCentro, nombre, estado, codigoPostal, municipio, localidad, nivelEducativo, turno) VALUES ('CCT-7927-611', 'Escuela 196', 'Yucatán', '43291', 'Municipio 46', 'Localidad 20', 'Secundaria', 'Matutino');
INSERT INTO CCT (claveCentro, nombre, estado, codigoPostal, municipio, localidad, nivelEducativo, turno) VALUES ('CCT-1616-787', 'Escuela 108', 'Yucatán', '45252', 'Municipio 45', 'Localidad 19', 'Inicial', 'Matutino');
INSERT INTO CCT (claveCentro, nombre, estado, codigoPostal, municipio, localidad, nivelEducativo, turno) VALUES ('CCT-4780-164', 'Escuela 189', 'Yucatán', '55121', 'Municipio 19', 'Localidad 22', 'Secundaria', 'Matutino');
INSERT INTO CCT (claveCentro, nombre, estado, codigoPostal, municipio, localidad, nivelEducativo, turno) VALUES ('CCT-6659-319', 'Escuela 142', 'Yucatán', '98632', 'Municipio 27', 'Localidad 15', 'Primaria', 'Matutino');
INSERT INTO CCT (claveCentro, nombre, estado, codigoPostal, municipio, localidad, nivelEducativo, turno) VALUES ('CCT-7840-690', 'Escuela 138', 'Yucatán', '91778', 'Municipio 27', 'Localidad 8', 'Secundaria', 'Vespertino');
INSERT INTO CCT (claveCentro, nombre, estado, codigoPostal, municipio, localidad, nivelEducativo, turno) VALUES ('CCT-6761-619', 'Escuela 135', 'Zacatecas', '15835', 'Municipio 11', 'Localidad 8', 'Primaria', 'Matutino');
INSERT INTO CCT (claveCentro, nombre, estado, codigoPostal, municipio, localidad, nivelEducativo, turno) VALUES ('CCT-1036-806', 'Escuela 45', 'Zacatecas', '46260', 'Municipio 16', 'Localidad 25', 'Primaria', 'Vespertino');
INSERT INTO CCT (claveCentro, nombre, estado, codigoPostal, municipio, localidad, nivelEducativo, turno) VALUES ('CCT-8365-940', 'Escuela 153', 'Zacatecas', '52017', 'Municipio 24', 'Localidad 25', 'Inicial', 'Vespertino');
INSERT INTO CCT (claveCentro, nombre, estado, codigoPostal, municipio, localidad, nivelEducativo, turno) VALUES ('CCT-3037-452', 'Escuela 89', 'Zacatecas', '99838', 'Municipio 16', 'Localidad 5', 'Primaria', 'Vespertino');
INSERT INTO CCT (claveCentro, nombre, estado, codigoPostal, municipio, localidad, nivelEducativo, turno) VALUES ('CCT-5916-258', 'Escuela 141', 'Zacatecas', '71136', 'Municipio 5', 'Localidad 21', 'Preescolar', 'Matutino');
INSERT INTO CCT (claveCentro, nombre, estado, codigoPostal, municipio, localidad, nivelEducativo, turno) VALUES ('CCT-7134-826', 'Escuela 82', 'Zacatecas', '89645', 'Municipio 29', 'Localidad 5', 'Preescolar', 'Matutino');
INSERT INTO CCT (claveCentro, nombre, estado, codigoPostal, municipio, localidad, nivelEducativo, turno) VALUES ('CCT-8422-908', 'Escuela 180', 'Zacatecas', '62757', 'Municipio 10', 'Localidad 21', 'Preescolar', 'Vespertino');
INSERT INTO CCT (claveCentro, nombre, estado, codigoPostal, municipio, localidad, nivelEducativo, turno) VALUES ('CCT-4965-857', 'Escuela 107', 'Zacatecas', '62427', 'Municipio 15', 'Localidad 14', 'Inicial', 'Matutino');

-- DATOS DE LEC

INSERT INTO LEC (id_Usuario, estadoSalud, genero, edad, capacidadDiferente) VALUES (19, 'Excelente', 'Masculino', '56', 'Auditiva');
INSERT INTO LEC (id_Usuario, estadoSalud, genero, edad, capacidadDiferente) VALUES (20, 'Buena', 'Masculino', '23', 'Ninguna');
INSERT INTO LEC (id_Usuario, estadoSalud, genero, edad, capacidadDiferente) VALUES (21, 'Buena', 'Masculino', '23', 'Visual');
INSERT INTO LEC (id_Usuario, estadoSalud, genero, edad, capacidadDiferente) VALUES (22, 'Excelente', 'Femenino', '46', 'Ninguna');
INSERT INTO LEC (id_Usuario, estadoSalud, genero, edad, capacidadDiferente) VALUES (23, 'Regular', 'Femenino', '57', 'Visual');
INSERT INTO LEC (id_Usuario, estadoSalud, genero, edad, capacidadDiferente) VALUES (24, 'Buena', 'Masculino', '22', 'Ninguna');
INSERT INTO LEC (id_Usuario, estadoSalud, genero, edad, capacidadDiferente) VALUES (25, 'Buena', 'Masculino', '45', 'Auditiva');
INSERT INTO LEC (id_Usuario, estadoSalud, genero, edad, capacidadDiferente) VALUES (26, 'Excelente', 'Femenino', '26', 'Ninguna');
INSERT INTO LEC (id_Usuario, estadoSalud, genero, edad, capacidadDiferente) VALUES (27, 'Excelente', 'Femenino', '37', 'Auditiva');
INSERT INTO LEC (id_Usuario, estadoSalud, genero, edad, capacidadDiferente) VALUES (28, 'Regular', 'Masculino', '31', 'Auditiva');
INSERT INTO LEC (id_Usuario, estadoSalud, genero, edad, capacidadDiferente) VALUES (29, 'Buena', 'Femenino', '42', 'Motriz');
INSERT INTO LEC (id_Usuario, estadoSalud, genero, edad, capacidadDiferente) VALUES (30, 'Regular', 'Femenino', '20', 'Auditiva');
INSERT INTO LEC (id_Usuario, estadoSalud, genero, edad, capacidadDiferente) VALUES (31, 'Regular', 'Masculino', '49', 'Auditiva');
INSERT INTO LEC (id_Usuario, estadoSalud, genero, edad, capacidadDiferente) VALUES (32, 'Regular', 'Masculino', '28', 'Visual');
INSERT INTO LEC (id_Usuario, estadoSalud, genero, edad, capacidadDiferente) VALUES (33, 'Regular', 'Femenino', '29', 'Ninguna');
INSERT INTO LEC (id_Usuario, estadoSalud, genero, edad, capacidadDiferente) VALUES (34, 'Excelente', 'Femenino', '31', 'Ninguna');
INSERT INTO LEC (id_Usuario, estadoSalud, genero, edad, capacidadDiferente) VALUES (35, 'Buena', 'Femenino', '20', 'Ninguna');
INSERT INTO LEC (id_Usuario, estadoSalud, genero, edad, capacidadDiferente) VALUES (36, 'Buena', 'Masculino', '32', 'Auditiva');
INSERT INTO LEC (id_Usuario, estadoSalud, genero, edad, capacidadDiferente) VALUES (37, 'Excelente', 'Femenino', '34', 'Visual');
INSERT INTO LEC (id_Usuario, estadoSalud, genero, edad, capacidadDiferente) VALUES (38, 'Regular', 'Masculino', '30', 'Auditiva');
INSERT INTO LEC (id_Usuario, estadoSalud, genero, edad, capacidadDiferente) VALUES (39, 'Regular', 'Masculino', '60', 'Visual');
INSERT INTO LEC (id_Usuario, estadoSalud, genero, edad, capacidadDiferente) VALUES (40, 'Excelente', 'Femenino', '60', 'Visual');
INSERT INTO LEC (id_Usuario, estadoSalud, genero, edad, capacidadDiferente) VALUES (41, 'Buena', 'Femenino', '39', 'Motriz');
INSERT INTO LEC (id_Usuario, estadoSalud, genero, edad, capacidadDiferente) VALUES (42, 'Regular', 'Masculino', '57', 'Motriz');
INSERT INTO LEC (id_Usuario, estadoSalud, genero, edad, capacidadDiferente) VALUES (43, 'Buena', 'Masculino', '40', 'Motriz');
INSERT INTO LEC (id_Usuario, estadoSalud, genero, edad, capacidadDiferente) VALUES (44, 'Regular', 'Masculino', '29', 'Motriz');
INSERT INTO LEC (id_Usuario, estadoSalud, genero, edad, capacidadDiferente) VALUES (45, 'Regular', 'Masculino', '39', 'Visual');
INSERT INTO LEC (id_Usuario, estadoSalud, genero, edad, capacidadDiferente) VALUES (46, 'Buena', 'Femenino', '21', 'Auditiva');
INSERT INTO LEC (id_Usuario, estadoSalud, genero, edad, capacidadDiferente) VALUES (47, 'Excelente', 'Masculino', '28', 'Motriz');
INSERT INTO LEC (id_Usuario, estadoSalud, genero, edad, capacidadDiferente) VALUES (48, 'Regular', 'Masculino', '33', 'Motriz');
INSERT INTO LEC (id_Usuario, estadoSalud, genero, edad, capacidadDiferente) VALUES (49, 'Buena', 'Masculino', '34', 'Ninguna');
INSERT INTO LEC (id_Usuario, estadoSalud, genero, edad, capacidadDiferente) VALUES (50, 'Regular', 'Femenino', '27', 'Visual');
INSERT INTO LEC (id_Usuario, estadoSalud, genero, edad, capacidadDiferente) VALUES (51, 'Regular', 'Masculino', '31', 'Motriz');
INSERT INTO LEC (id_Usuario, estadoSalud, genero, edad, capacidadDiferente) VALUES (52, 'Regular', 'Femenino', '57', 'Visual');
INSERT INTO LEC (id_Usuario, estadoSalud, genero, edad, capacidadDiferente) VALUES (53, 'Buena', 'Femenino', '54', 'Ninguna');
INSERT INTO LEC (id_Usuario, estadoSalud, genero, edad, capacidadDiferente) VALUES (54, 'Buena', 'Femenino', '18', 'Auditiva');
INSERT INTO LEC (id_Usuario, estadoSalud, genero, edad, capacidadDiferente) VALUES (55, 'Regular', 'Masculino', '58', 'Visual');
INSERT INTO LEC (id_Usuario, estadoSalud, genero, edad, capacidadDiferente) VALUES (56, 'Excelente', 'Femenino', '43', 'Ninguna');
INSERT INTO LEC (id_Usuario, estadoSalud, genero, edad, capacidadDiferente) VALUES (57, 'Buena', 'Femenino', '32', 'Motriz');
INSERT INTO LEC (id_Usuario, estadoSalud, genero, edad, capacidadDiferente) VALUES (58, 'Excelente', 'Femenino', '27', 'Visual');
INSERT INTO LEC (id_Usuario, estadoSalud, genero, edad, capacidadDiferente) VALUES (59, 'Excelente', 'Masculino', '60', 'Auditiva');
INSERT INTO LEC (id_Usuario, estadoSalud, genero, edad, capacidadDiferente) VALUES (60, 'Regular', 'Femenino', '27', 'Motriz');
INSERT INTO LEC (id_Usuario, estadoSalud, genero, edad, capacidadDiferente) VALUES (61, 'Excelente', 'Femenino', '24', 'Visual');
INSERT INTO LEC (id_Usuario, estadoSalud, genero, edad, capacidadDiferente) VALUES (62, 'Buena', 'Masculino', '22', 'Motriz');
INSERT INTO LEC (id_Usuario, estadoSalud, genero, edad, capacidadDiferente) VALUES (63, 'Buena', 'Masculino', '46', 'Motriz');
INSERT INTO LEC (id_Usuario, estadoSalud, genero, edad, capacidadDiferente) VALUES (64, 'Buena', 'Femenino', '44', 'Motriz');
INSERT INTO LEC (id_Usuario, estadoSalud, genero, edad, capacidadDiferente) VALUES (65, 'Excelente', 'Femenino', '44', 'Motriz');
INSERT INTO LEC (id_Usuario, estadoSalud, genero, edad, capacidadDiferente) VALUES (66, 'Excelente', 'Masculino', '35', 'Visual');
INSERT INTO LEC (id_Usuario, estadoSalud, genero, edad, capacidadDiferente) VALUES (67, 'Regular', 'Femenino', '44', 'Visual');
INSERT INTO LEC (id_Usuario, estadoSalud, genero, edad, capacidadDiferente) VALUES (68, 'Regular', 'Femenino', '54', 'Motriz');
INSERT INTO LEC (id_Usuario, estadoSalud, genero, edad, capacidadDiferente) VALUES (69, 'Excelente', 'Masculino', '42', 'Ninguna');
INSERT INTO LEC (id_Usuario, estadoSalud, genero, edad, capacidadDiferente) VALUES (70, 'Excelente', 'Femenino', '43', 'Auditiva');
INSERT INTO LEC (id_Usuario, estadoSalud, genero, edad, capacidadDiferente) VALUES (71, 'Regular', 'Femenino', '32', 'Visual');
INSERT INTO LEC (id_Usuario, estadoSalud, genero, edad, capacidadDiferente) VALUES (72, 'Regular', 'Femenino', '52', 'Auditiva');
INSERT INTO LEC (id_Usuario, estadoSalud, genero, edad, capacidadDiferente) VALUES (73, 'Regular', 'Femenino', '19', 'Visual');
INSERT INTO LEC (id_Usuario, estadoSalud, genero, edad, capacidadDiferente) VALUES (74, 'Buena', 'Masculino', '18', 'Auditiva');
INSERT INTO LEC (id_Usuario, estadoSalud, genero, edad, capacidadDiferente) VALUES (75, 'Excelente', 'Femenino', '26', 'Ninguna');
INSERT INTO LEC (id_Usuario, estadoSalud, genero, edad, capacidadDiferente) VALUES (76, 'Regular', 'Femenino', '30', 'Motriz');
INSERT INTO LEC (id_Usuario, estadoSalud, genero, edad, capacidadDiferente) VALUES (77, 'Regular', 'Femenino', '41', 'Visual');
INSERT INTO LEC (id_Usuario, estadoSalud, genero, edad, capacidadDiferente) VALUES (78, 'Buena', 'Masculino', '47', 'Motriz');
INSERT INTO LEC (id_Usuario, estadoSalud, genero, edad, capacidadDiferente) VALUES (79, 'Excelente', 'Femenino', '43', 'Visual');
INSERT INTO LEC (id_Usuario, estadoSalud, genero, edad, capacidadDiferente) VALUES (80, 'Regular', 'Femenino', '49', 'Ninguna');
INSERT INTO LEC (id_Usuario, estadoSalud, genero, edad, capacidadDiferente) VALUES (81, 'Buena', 'Masculino', '46', 'Motriz');
INSERT INTO LEC (id_Usuario, estadoSalud, genero, edad, capacidadDiferente) VALUES (82, 'Excelente', 'Masculino', '39', 'Auditiva');
INSERT INTO LEC (id_Usuario, estadoSalud, genero, edad, capacidadDiferente) VALUES (83, 'Excelente', 'Masculino', '37', 'Ninguna');
INSERT INTO LEC (id_Usuario, estadoSalud, genero, edad, capacidadDiferente) VALUES (84, 'Buena', 'Masculino', '37', 'Ninguna');
INSERT INTO LEC (id_Usuario, estadoSalud, genero, edad, capacidadDiferente) VALUES (85, 'Excelente', 'Femenino', '36', 'Visual');
INSERT INTO LEC (id_Usuario, estadoSalud, genero, edad, capacidadDiferente) VALUES (86, 'Buena', 'Masculino', '45', 'Ninguna');
INSERT INTO LEC (id_Usuario, estadoSalud, genero, edad, capacidadDiferente) VALUES (87, 'Regular', 'Femenino', '32', 'Ninguna');
INSERT INTO LEC (id_Usuario, estadoSalud, genero, edad, capacidadDiferente) VALUES (88, 'Regular', 'Femenino', '44', 'Auditiva');
INSERT INTO LEC (id_Usuario, estadoSalud, genero, edad, capacidadDiferente) VALUES (89, 'Regular', 'Masculino', '45', 'Visual');
INSERT INTO LEC (id_Usuario, estadoSalud, genero, edad, capacidadDiferente) VALUES (90, 'Buena', 'Masculino', '50', 'Ninguna');
INSERT INTO LEC (id_Usuario, estadoSalud, genero, edad, capacidadDiferente) VALUES (91, 'Buena', 'Masculino', '59', 'Motriz');
INSERT INTO LEC (id_Usuario, estadoSalud, genero, edad, capacidadDiferente) VALUES (92, 'Regular', 'Masculino', '34', 'Auditiva');
INSERT INTO LEC (id_Usuario, estadoSalud, genero, edad, capacidadDiferente) VALUES (93, 'Regular', 'Masculino', '20', 'Auditiva');
INSERT INTO LEC (id_Usuario, estadoSalud, genero, edad, capacidadDiferente) VALUES (94, 'Regular', 'Femenino', '31', 'Visual');
INSERT INTO LEC (id_Usuario, estadoSalud, genero, edad, capacidadDiferente) VALUES (95, 'Regular', 'Femenino', '32', 'Auditiva');
INSERT INTO LEC (id_Usuario, estadoSalud, genero, edad, capacidadDiferente) VALUES (96, 'Regular', 'Masculino', '34', 'Motriz');
INSERT INTO LEC (id_Usuario, estadoSalud, genero, edad, capacidadDiferente) VALUES (97, 'Buena', 'Masculino', '54', 'Auditiva');
INSERT INTO LEC (id_Usuario, estadoSalud, genero, edad, capacidadDiferente) VALUES (98, 'Regular', 'Femenino', '29', 'Visual');
INSERT INTO LEC (id_Usuario, estadoSalud, genero, edad, capacidadDiferente) VALUES (99, 'Excelente', 'Masculino', '44', 'Motriz');
INSERT INTO LEC (id_Usuario, estadoSalud, genero, edad, capacidadDiferente) VALUES (100, 'Regular', 'Masculino', '44', 'Ninguna');
INSERT INTO LEC (id_Usuario, estadoSalud, genero, edad, capacidadDiferente) VALUES (101, 'Excelente', 'Femenino', '24', 'Ninguna');
INSERT INTO LEC (id_Usuario, estadoSalud, genero, edad, capacidadDiferente) VALUES (102, 'Buena', 'Masculino', '27', 'Ninguna');
INSERT INTO LEC (id_Usuario, estadoSalud, genero, edad, capacidadDiferente) VALUES (103, 'Regular', 'Masculino', '25', 'Motriz');
INSERT INTO LEC (id_Usuario, estadoSalud, genero, edad, capacidadDiferente) VALUES (104, 'Regular', 'Masculino', '22', 'Ninguna');
INSERT INTO LEC (id_Usuario, estadoSalud, genero, edad, capacidadDiferente) VALUES (105, 'Excelente', 'Femenino', '23', 'Ninguna');
INSERT INTO LEC (id_Usuario, estadoSalud, genero, edad, capacidadDiferente) VALUES (106, 'Excelente', 'Masculino', '43', 'Motriz');
INSERT INTO LEC (id_Usuario, estadoSalud, genero, edad, capacidadDiferente) VALUES (107, 'Regular', 'Masculino', '27', 'Visual');
INSERT INTO LEC (id_Usuario, estadoSalud, genero, edad, capacidadDiferente) VALUES (108, 'Regular', 'Femenino', '58', 'Auditiva');
INSERT INTO LEC (id_Usuario, estadoSalud, genero, edad, capacidadDiferente) VALUES (109, 'Buena', 'Masculino', '23', 'Motriz');
INSERT INTO LEC (id_Usuario, estadoSalud, genero, edad, capacidadDiferente) VALUES (110, 'Regular', 'Femenino', '23', 'Ninguna');
INSERT INTO LEC (id_Usuario, estadoSalud, genero, edad, capacidadDiferente) VALUES (111, 'Buena', 'Femenino', '32', 'Auditiva');
INSERT INTO LEC (id_Usuario, estadoSalud, genero, edad, capacidadDiferente) VALUES (112, 'Buena', 'Femenino', '56', 'Visual');
INSERT INTO LEC (id_Usuario, estadoSalud, genero, edad, capacidadDiferente) VALUES (113, 'Regular', 'Masculino', '29', 'Motriz');
INSERT INTO LEC (id_Usuario, estadoSalud, genero, edad, capacidadDiferente) VALUES (114, 'Buena', 'Masculino', '38', 'Motriz');
INSERT INTO LEC (id_Usuario, estadoSalud, genero, edad, capacidadDiferente) VALUES (115, 'Regular', 'Femenino', '53', 'Visual');
INSERT INTO LEC (id_Usuario, estadoSalud, genero, edad, capacidadDiferente) VALUES (116, 'Excelente', 'Masculino', '56', 'Visual');
INSERT INTO LEC (id_Usuario, estadoSalud, genero, edad, capacidadDiferente) VALUES (117, 'Regular', 'Femenino', '20', 'Auditiva');
INSERT INTO LEC (id_Usuario, estadoSalud, genero, edad, capacidadDiferente) VALUES (118, 'Buena', 'Femenino', '56', 'Auditiva');

-- DATOS DE CENTRO EDUCADOR

INSERT INTO CentroEducador (claveCentro, id_LEC) VALUES ('CCT-1273-163', 19);
INSERT INTO CentroEducador (claveCentro, id_LEC) VALUES ('CCT-1623-869', 20);
INSERT INTO CentroEducador (claveCentro, id_LEC) VALUES ('CCT-4016-580', 21);
INSERT INTO CentroEducador (claveCentro, id_LEC) VALUES ('CCT-4597-168', 22);
INSERT INTO CentroEducador (claveCentro, id_LEC) VALUES ('CCT-7402-632', 25);
INSERT INTO CentroEducador (claveCentro, id_LEC) VALUES ('CCT-7548-461', 26);
INSERT INTO CentroEducador (claveCentro, id_LEC) VALUES ('CCT-1273-163', 27);
INSERT INTO CentroEducador (claveCentro, id_LEC) VALUES ('CCT-1623-869', 28);
INSERT INTO CentroEducador (claveCentro, id_LEC) VALUES ('CCT-4016-580', 29);
INSERT INTO CentroEducador (claveCentro, id_LEC) VALUES ('CCT-4597-168', 30);
INSERT INTO CentroEducador (claveCentro, id_LEC) VALUES ('CCT-7402-632', 33);
INSERT INTO CentroEducador (claveCentro, id_LEC) VALUES ('CCT-7548-461', 34);
INSERT INTO CentroEducador (claveCentro, id_LEC) VALUES ('CCT-1273-163', 35);
INSERT INTO CentroEducador (claveCentro, id_LEC) VALUES ('CCT-1623-869', 36);
INSERT INTO CentroEducador (claveCentro, id_LEC) VALUES ('CCT-4016-580', 37);
INSERT INTO CentroEducador (claveCentro, id_LEC) VALUES ('CCT-4597-168', 38);
INSERT INTO CentroEducador (claveCentro, id_LEC) VALUES ('CCT-7402-632', 41);
INSERT INTO CentroEducador (claveCentro, id_LEC) VALUES ('CCT-7548-461', 42);
INSERT INTO CentroEducador (claveCentro, id_LEC) VALUES ('CCT-1273-163', 43);
INSERT INTO CentroEducador (claveCentro, id_LEC) VALUES ('CCT-1623-869', 44);
INSERT INTO CentroEducador (claveCentro, id_LEC) VALUES ('CCT-4016-580', 45);
INSERT INTO CentroEducador (claveCentro, id_LEC) VALUES ('CCT-4597-168', 46);
INSERT INTO CentroEducador (claveCentro, id_LEC) VALUES ('CCT-7402-632', 49);
INSERT INTO CentroEducador (claveCentro, id_LEC) VALUES ('CCT-7548-461', 50);
INSERT INTO CentroEducador (claveCentro, id_LEC) VALUES ('CCT-1273-163', 51);
INSERT INTO CentroEducador (claveCentro, id_LEC) VALUES ('CCT-1623-869', 52);
INSERT INTO CentroEducador (claveCentro, id_LEC) VALUES ('CCT-4016-580', 53);
INSERT INTO CentroEducador (claveCentro, id_LEC) VALUES ('CCT-4597-168', 54);
INSERT INTO CentroEducador (claveCentro, id_LEC) VALUES ('CCT-7402-632', 57);
INSERT INTO CentroEducador (claveCentro, id_LEC) VALUES ('CCT-7548-461', 58);
INSERT INTO CentroEducador (claveCentro, id_LEC) VALUES ('CCT-1273-163', 59);
INSERT INTO CentroEducador (claveCentro, id_LEC) VALUES ('CCT-1623-869', 60);
INSERT INTO CentroEducador (claveCentro, id_LEC) VALUES ('CCT-4016-580', 61);
INSERT INTO CentroEducador (claveCentro, id_LEC) VALUES ('CCT-4597-168', 62);
INSERT INTO CentroEducador (claveCentro, id_LEC) VALUES ('CCT-7402-632', 65);
INSERT INTO CentroEducador (claveCentro, id_LEC) VALUES ('CCT-7548-461', 66);
INSERT INTO CentroEducador (claveCentro, id_LEC) VALUES ('CCT-1273-163', 67);
INSERT INTO CentroEducador (claveCentro, id_LEC) VALUES ('CCT-1623-869', 68);
INSERT INTO CentroEducador (claveCentro, id_LEC) VALUES ('CCT-4016-580', 69);
INSERT INTO CentroEducador (claveCentro, id_LEC) VALUES ('CCT-4597-168', 70);
INSERT INTO CentroEducador (claveCentro, id_LEC) VALUES ('CCT-7402-632', 73);
INSERT INTO CentroEducador (claveCentro, id_LEC) VALUES ('CCT-7548-461', 74);
INSERT INTO CentroEducador (claveCentro, id_LEC) VALUES ('CCT-1273-163', 75);
INSERT INTO CentroEducador (claveCentro, id_LEC) VALUES ('CCT-1623-869', 76);
INSERT INTO CentroEducador (claveCentro, id_LEC) VALUES ('CCT-4016-580', 77);
INSERT INTO CentroEducador (claveCentro, id_LEC) VALUES ('CCT-4597-168', 78);
INSERT INTO CentroEducador (claveCentro, id_LEC) VALUES ('CCT-7402-632', 81);
INSERT INTO CentroEducador (claveCentro, id_LEC) VALUES ('CCT-7548-461', 82);
INSERT INTO CentroEducador (claveCentro, id_LEC) VALUES ('CCT-1273-163', 83);
INSERT INTO CentroEducador (claveCentro, id_LEC) VALUES ('CCT-1623-869', 84);
INSERT INTO CentroEducador (claveCentro, id_LEC) VALUES ('CCT-4016-580', 85);
INSERT INTO CentroEducador (claveCentro, id_LEC) VALUES ('CCT-4597-168', 86);
INSERT INTO CentroEducador (claveCentro, id_LEC) VALUES ('CCT-7402-632', 89);
INSERT INTO CentroEducador (claveCentro, id_LEC) VALUES ('CCT-7548-461', 90);
INSERT INTO CentroEducador (claveCentro, id_LEC) VALUES ('CCT-1273-163', 91);
INSERT INTO CentroEducador (claveCentro, id_LEC) VALUES ('CCT-1623-869', 92);
INSERT INTO CentroEducador (claveCentro, id_LEC) VALUES ('CCT-4016-580', 93);
INSERT INTO CentroEducador (claveCentro, id_LEC) VALUES ('CCT-4597-168', 94);
INSERT INTO CentroEducador (claveCentro, id_LEC) VALUES ('CCT-7402-632', 97);
INSERT INTO CentroEducador (claveCentro, id_LEC) VALUES ('CCT-7548-461', 98);
INSERT INTO CentroEducador (claveCentro, id_LEC) VALUES ('CCT-1273-163', 99);
INSERT INTO CentroEducador (claveCentro, id_LEC) VALUES ('CCT-1623-869', 100);
INSERT INTO CentroEducador (claveCentro, id_LEC) VALUES ('CCT-4016-580', 101);
INSERT INTO CentroEducador (claveCentro, id_LEC) VALUES ('CCT-4597-168', 102);
INSERT INTO CentroEducador (claveCentro, id_LEC) VALUES ('CCT-7402-632', 105);
INSERT INTO CentroEducador (claveCentro, id_LEC) VALUES ('CCT-7548-461', 106);
INSERT INTO CentroEducador (claveCentro, id_LEC) VALUES ('CCT-1273-163', 107);
INSERT INTO CentroEducador (claveCentro, id_LEC) VALUES ('CCT-1623-869', 108);
INSERT INTO CentroEducador (claveCentro, id_LEC) VALUES ('CCT-4016-580', 109);
INSERT INTO CentroEducador (claveCentro, id_LEC) VALUES ('CCT-4597-168', 110);
INSERT INTO CentroEducador (claveCentro, id_LEC) VALUES ('CCT-7402-632', 113);
INSERT INTO CentroEducador (claveCentro, id_LEC) VALUES ('CCT-7548-461', 114);
INSERT INTO CentroEducador (claveCentro, id_LEC) VALUES ('CCT-1273-163', 115);
INSERT INTO CentroEducador (claveCentro, id_LEC) VALUES ('CCT-1623-869', 116);
INSERT INTO CentroEducador (claveCentro, id_LEC) VALUES ('CCT-4016-580', 117);
INSERT INTO CentroEducador (claveCentro, id_LEC) VALUES ('CCT-4597-168', 118);

-- Area de Control Escolar
INSERT INTO AreaControlEscolar (id_ACT,CCT) VALUES (119,'CCT-4597-168');
INSERT INTO AreaControlEscolar (id_ACT,CCT) VALUES (120,'CCT-1010-970');
SET SQL_SAFE_UPDATES = 1;

select * from Usuario;
-- Grupos CCT-1273-163
INSERT INTO CCTgrupos (id_CCT,nombre_grupo) VALUES ('CCT-4597-168','Grupo Básico 1');
INSERT INTO CCTgrupos (id_CCT,nombre_grupo) VALUES ('CCT-4597-168','Grupo Básico 2');
INSERT INTO CCTgrupos (id_CCT,nombre_grupo) VALUES ('CCT-4597-168','Grupo Básico 3');

-- Materias
INSERT INTO Materias (nombre_materia) VALUES
('Matemáticas'),
('Español'),
('Ciencias Naturales'),
('Historia'),
('Geografía'),
('Educación Física'),
('Formación Cívica y Ética')
;

INSERT INTO Materias (nombre_materia) VALUES
    ('Exploración de la Naturaleza y la Sociedad'),
    ('Educación Artística'),
    ('Ciencias Naturales'),
    ('La Entidad donde vivo'),
    ('Historia'),
    ('Ciencias'),
    ('Educación Física'),
    ('Tecnología');


-- Insertar materias para el alumno con CURP 'A1B2C3D4E5F6G7H8'
INSERT INTO Calificaciones (id_alumno, id_materia, calificacion) VALUES
('DOOR031116HMCMRBA8', 1, 0.00),  -- Matemáticas
('DOOR031116HMCMRBA8', 2, 0.00),  -- Español
('DOOR031116HMCMRBA8', 3, 0.00),  -- Ciencias Naturales
('DOOR031116HMCMRBA8', 4, 0.00),  -- Historia
('DOOR031116HMCMRBA8', 5, 0.00),  -- Geografía
('DOOR031116HMCMRBA8', 6, 0.00),  -- Educación Física
('DOOR031116HMCMRBA8', 7, 0.00);  -- Artes Visuales

-- Insertar materias para el alumno con CURP 'A1B2C3D4E5F6G7H8'
INSERT INTO Calificaciones (id_alumno, id_materia, calificacion) VALUES
('CTYP710803MCHFTZ29', 1, 0.00),  -- Matemáticas
('CTYP710803MCHFTZ29', 2, 0.00),  -- Español
('CTYP710803MCHFTZ29', 3, 0.00),  -- Ciencias Naturales
('CTYP710803MCHFTZ29', 4, 0.00),  -- Historia
('CTYP710803MCHFTZ29', 5, 0.00),  -- Geografía
('CTYP710803MCHFTZ29', 6, 0.00),  -- Educación Física
('CTYP710803MCHFTZ29', 7, 0.00);  -- Artes Visuales

SELECT DISTINCT estado FROM CCT;
SELECT * FROM CCT where estado = 'Campeche';